# Time [s],forward velocity [m/s],angular velocity[rad/s]
1248272273,0.07384210526315789,0.22484210526315795
1248272274,0.06461290322580643,0.06709677419354838
1248272275,0.06496969696969694,0.0
1248272276,0.06490624999999997,0.0
1248272277,0.06071874999999997,0.0
1248272278,0.06496969696969694,0.0
1248272279,0.067,0.0
1248272280,0.06699999999999996,0.0
1248272281,0.06317142857142856,0.0
1248272282,0.060096774193548384,0.06438709677419356
1248272283,0.0675333333333333,0.02810000000000001
1248272284,0.07509090909090914,0.2460606060606061
1248272285,0.07159999999999998,0.15063333333333337
1248272286,0.06700000000000002,0.0
1248272287,0.06350632911392402,0.0
1248272288,0.061499999999999985,0.0
1248272289,0.06183333333333337,-0.03869444444444445
1248272290,0.0625138888888889,-0.09949999999999998
1248272291,0.06272463768115939,-0.12689855072463765
1248272292,0.0639041095890411,-0.15679452054794524
1248272293,0.05074193548387095,-0.10490322580645163
1248272294,0.0672253521126761,-0.12980281690140844
1248272295,0.0650638297872341,-0.038234042553191495
1248272296,0.06066666666666664,-0.1380208333333334
1248272297,0.05661538461538461,-0.21694871794871795
1248272298,0.0484375,-0.19431249999999992
1248272299,0.04529787234042551,-0.16221276595744677
1248272300,0.03705000000000002,-0.021599999999999998
1248272301,0.03552631578947371,0.0
1248272302,0.034041095890410954,0.0
1248272303,0.03264473684210526,0.0
1248272304,0.03097260273972602,0.0
1248272305,0.03028767123287671,0.0
1248272306,0.04629729729729734,0.0
1248272307,0.06700000000000009,0.0
1248272308,0.07401449275362323,0.1714782608695652
1248272309,0.05341891891891897,0.0
1248272310,0.06818055555555563,0.04533333333333333
1248272311,0.07158333333333339,0.14045833333333332
1248272312,0.07058571428571438,0.09304285714285714
1248272313,0.06764383561643846,0.07263013698630137
1248272314,0.06799999999999994,0.07806249999999999
1248272315,0.07186538461538468,0.15034615384615385
1248272316,0.07075438596491235,0.12449122807017546
1248272317,0.0646491228070176,0.0
1248272318,0.06476666666666672,0.0
1248272319,0.06828301886792454,-0.09224528301886793
1248272320,0.069037037037037,-0.1298333333333333
1248272321,0.06700000000000003,0.0
1248272322,0.06528888888888892,-0.04444444444444445
1248272323,0.06528888888888892,-0.044399999999999995
1248272324,0.06578431372549023,-0.05029411764705883
1248272325,0.0630588235294118,0.0
1248272326,0.022541666666666665,-0.007875
1248272327,0.014000000000000007,-0.021300000000000006
1248272328,0.06659574468085112,-0.043851063829787214
1248272329,0.06432000000000004,0.004259999999999999
1248272330,0.06427083333333336,0.006354166666666668
1248272331,0.06274468085106386,0.009340425531914899
1248272332,0.0642291666666667,0.005729166666666667
1248272333,0.06551111111111114,0.007711111111111113
1248272334,0.06700000000000003,0.003425531914893618
1248272335,0.06547727272727276,0.0007045454545454538
1248272336,0.06414893617021279,-0.0008085106382978725
1248272337,0.06700000000000003,0.003772727272727272
1248272338,0.06716216216216218,0.015378378378378386
1248272339,0.06420833333333337,-0.0019791666666666664
1248272340,0.06414893617021279,0.003595744680851064
1248272341,0.06568085106382981,0.012063829787234049
1248272342,0.06431914893617023,0.012425531914893621
1248272343,0.06702222222222226,0.0022444444444444447
1248272344,0.06700000000000003,0.009840909090909096
1248272345,0.06700000000000003,0.002068181818181818
1248272346,0.06373170731707319,-5.077239441883338e-19
1248272347,0.06375609756097562,0.007365853658536587
1248272348,0.06714583333333339,0.005895833333333334
1248272349,0.06414893617021279,-0.0016170212765957443
1248272350,0.06917777777777781,-0.07302222222222224
1248272351,0.07030434782608695,-0.20471739130434785
1248272352,0.06586440677966109,0.0
1248272353,0.06611842105263166,0.0
1248272354,0.06700000000000009,0.0
1248272355,0.06700000000000009,0.0
1248272356,0.06908219178082195,0.05939726027397261
1248272357,0.0683472222222223,0.10961111111111113
1248272358,0.0673972602739727,0.019999999999999983
1248272359,0.06700000000000009,0.0007999999999999998
1248272360,0.06700000000000009,0.0003026315789473679
1248272361,0.06704166666666674,0.006555555555555558
1248272362,0.06706944444444451,-0.012750000000000008
1248272363,0.06609459459459469,0.00295945945945946
1248272364,0.066082191780822,0.0009178082191780832
1248272365,0.06700000000000009,0.0038026315789473695
1248272366,0.06513888888888897,-0.003930555555555556
1248272367,0.06601470588235302,-0.0004264705882352942
1248272368,0.06700000000000009,-0.0006710526315789471
1248272369,0.06521333333333341,-0.0017333333333333335
1248272370,0.06600000000000007,0.004567164179104479
1248272371,0.06610666666666676,0.0
1248272372,0.06609459459459469,0.0
1248272373,0.06610666666666676,0.0
1248272374,0.06700000000000009,0.0
1248272375,0.06700000000000009,0.0
1248272376,0.05113157894736847,0.0
1248272377,0.06483870967741942,0.0
1248272378,0.06700000000000006,0.0
1248272379,0.06700000000000007,0.0
1248272380,0.0630588235294118,0.0
1248272381,0.06655319148936177,0.0
1248272382,0.06700000000000003,0.0
1248272383,0.06467346938775513,0.016918367346938773
1248272384,0.07089361702127658,0.2052978723404255
1248272385,0.07299999999999997,0.22006122448979587
1248272386,0.07302127659574464,0.21527659574468086
1248272387,0.06828888888888889,0.18280000000000005
1248272388,0.06388372093023258,0.0
1248272389,0.06557446808510642,0.0
1248272390,0.04471428571428569,0.08512244897959184
1248272391,0.0684893617021276,0.19855319148936168
1248272392,0.05513043478260866,0.18410869565217397
1248272393,0.033581395348837216,0.00037209302325581686
1248272394,0.02577272727272728,0.0
1248272395,0.00054,0.0
1248272396,0.0,0.0
1248272397,0.0,0.0
1248272398,0.0,0.0
1248272399,0.0,0.0
1248272400,0.0,0.0
1248272401,0.01604109589041096,-0.03983561643835617
1248272402,0.03865116279069767,0.0
1248272403,0.05217777777777778,0.0
1248272404,0.06447169811320759,0.0
1248272405,0.06659722222222231,0.011333333333333332
1248272406,0.07393243243243255,0.14886486486486486
1248272407,0.06950000000000009,0.07366666666666669
1248272408,0.06888750000000012,0.07650000000000003
1248272409,0.08483783783783791,0.40248648648648694
1248272410,0.08491139240506337,0.4028354430379752
1248272411,0.08600000000000006,0.4080000000000005
1248272412,0.07323880597014937,0.13397014925373138
1248272413,0.06700000000000009,0.0
1248272414,0.0661518987341773,0.0
1248272415,0.07198684210526322,-0.14138157894736839
1248272416,0.0801621621621622,-0.34290540540540543
1248272417,0.07736363636363638,-0.327012987012987
1248272418,0.0716000000000001,-0.1282
1248272419,0.06700000000000009,0.0
1248272420,0.06700000000000009,0.0
1248272421,0.06609459459459469,0.0
1248272422,0.06610666666666676,0.0
1248272423,0.07205194805194814,0.12716883116883118
1248272424,0.08600000000000008,0.40800000000000053
1248272425,0.08385000000000008,0.3978000000000005
1248272426,0.08478873239436625,0.402253521126761
1248272427,0.08486842105263165,0.4026315789473689
1248272428,0.08373684210526322,0.3972631578947373
1248272429,0.07965753424657535,0.33016438356164385
1248272430,0.0677361111111112,0.025833333333333295
1248272431,0.06700000000000009,0.0008857142857142854
1248272432,0.0661518987341773,0.0026329113924050637
1248272433,0.06611842105263166,0.0014605263157894737
1248272434,0.06653086419753095,0.017061728395061728
1248272435,0.0692432432432433,-0.0023918918918919216
1248272436,0.06984210526315797,-0.018065789473684188
1248272437,0.06956250000000001,-0.08529687499999995
1248272438,0.07078378378378379,0.13747297297297303
1248272439,0.06897368421052631,0.0029868421052631697
1248272440,0.06798701298701305,0.04483116883116882
1248272441,0.06834210526315798,0.04673684210526316
1248272442,0.06610666666666676,0.0
1248272443,0.06609459459459469,0.0
1248272444,0.06700000000000009,0.0
1248272445,0.06614102564102572,0.0
1248272446,0.03491549295774648,0.0
1248272447,0.023591549295774637,0.0
1248272448,0.06700000000000009,0.0
1248272449,0.06814705882352948,-0.030264705882352944
1248272450,0.06882191780821928,-0.07443835616438355
1248272451,0.06700000000000009,0.0
1248272452,0.06612987012987022,0.0
1248272453,0.06612987012987022,0.0
1248272454,0.06717567567567566,-0.009459459459459462
1248272455,0.06746835443037986,-0.02443037974683542
1248272456,0.06611842105263166,0.006500000000000003
1248272457,0.0670441176470589,0.004823529411764706
1248272458,0.06700000000000009,0.006486111111111114
1248272459,0.07712328767123292,0.30069863013698644
1248272460,0.08337142857142858,0.3952571428571431
1248272461,0.07808571428571423,0.3118857142857143
1248272462,0.0728153846153846,0.18735384615384618
1248272463,0.0643283582089552,0.0
1248272464,0.05961111111111112,0.0
1248272465,0.05573333333333339,0.0
1248272466,0.060589041095890375,-0.10358904109589039
1248272467,0.06450943396226415,-0.1652075471698113
1248272468,0.05626086956521744,-0.06921739130434784
1248272469,0.05545454545454543,-0.08140909090909093
1248272470,0.06855319148936163,-0.22863829787234036
1248272471,0.0700652173913043,-0.23360869565217385
1248272472,0.0664791666666667,-0.17412499999999997
1248272473,0.0637872340425532,-0.2562127659574468
1248272474,0.05883333333333335,-0.2414166666666666
1248272475,0.052318840579710195,-0.18489855072463768
1248272476,0.04321621621621614,-0.017297297297297298
1248272477,0.0395479452054795,0.0
1248272478,0.0374923076923077,0.0
1248272479,0.03470909090909093,0.0
1248272480,0.034544303797468374,0.0
1248272481,0.033786666666666645,0.0
1248272482,0.032479999999999974,0.0
1248272483,0.04926666666666673,0.0
1248272484,0.08057142857142863,-0.28428571428571414
1248272485,0.08595890410958909,-0.39784931506849297
1248272486,0.07546478873239437,-0.2469859154929577
1248272487,0.06681333333333343,-0.028199999999999985
1248272488,0.06672727272727283,-0.024272727272727265
1248272489,0.06610958904109597,0.00861643835616439
1248272490,0.06612987012987022,0.0070389610389610426
1248272491,0.06896000000000005,0.05938666666666668
1248272492,0.0792972972972973,0.33272972972972975
1248272493,0.0748472222222222,0.24698611111111118
1248272494,0.06847945205479461,0.07899999999999999
1248272495,0.07633802816901407,-0.2761267605633802
1248272496,0.07202777777777779,-0.16751388888888885
1248272497,0.06511267605633811,0.0
1248272498,0.06408695652173915,0.0
1248272499,0.06596923076923084,0.0
1248272500,0.0646071428571429,0.0
1248272501,0.07135849056603774,-0.12552830188679245
1248272502,0.06678431372549018,-0.28305882352941186
1248272503,0.04140909090909089,-0.14954545454545454
1248272504,0.0365681818181818,-0.03220454545454545
1248272505,0.034999999999999976,0.0
1248272506,0.034767441860465126,0.0
1248272507,0.03400000000000002,0.0
1248272508,0.03329166666666669,0.0
1248272509,0.03196000000000002,0.0
1248272510,0.03200000000000002,0.0
1248272511,0.03275000000000001,0.0
1248272512,0.03436363636363634,0.0
1248272513,0.07261333333333336,-0.2971733333333332
1248272514,0.08599999999999997,-0.39799999999999985
1248272515,0.0847352941176471,-0.3921470588235292
1248272516,0.08599999999999995,-0.39799999999999985
1248272517,0.08599999999999994,-0.39799999999999985
1248272518,0.07971999999999997,-0.3639999999999998
1248272519,0.06258333333333328,-0.025562500000000044
1248272520,0.05535135135135138,0.18275675675675673
1248272521,0.06211111111111111,-0.0009333333333333514
1248272522,0.060085106382978704,0.014170212765957438
1248272523,0.06493617021276597,-0.11102127659574466
1248272524,0.05780851063829785,-0.01680851063829787
1248272525,0.05067346938775513,0.07779591836734692
1248272526,0.06533333333333337,-0.15713333333333337
1248272527,0.05513636363636363,-0.016931818181818194
1248272528,0.05286666666666662,0.030311111111111108
1248272529,0.06380851063829787,-0.1265957446808511
1248272530,0.060229166666666674,-0.05533333333333334
1248272531,0.06465306122448983,-0.01975510204081633
1248272532,0.0632325581395349,0.018372093023255816
1248272533,0.06408695652173915,-4.3478260869565125e-05
1248272534,0.06825000000000002,-0.03856818181818183
1248272535,0.06767647058823531,0.004323529411764705
1248272536,0.066,-0.040365853658536587
1248272537,0.06602127659574468,-0.059659574468085105
1248272538,0.06904444444444442,-0.03113333333333334
1248272539,0.06802272727272732,-0.040704545454545465
1248272540,0.06522222222222224,-0.011488888888888889
1248272541,0.07285106382978722,-0.22182978723404248
1248272542,0.08142307692307692,-0.20465384615384596
1248272543,0.0731818181818182,-0.004340909090909115
1248272544,0.07333333333333335,-0.03000000000000001
1248272545,0.06807692307692303,-0.0870769230769231
1248272546,0.06508571428571427,0.0
1248272547,0.08083783783783781,-0.23502702702702696
1248272548,0.07799999999999999,-0.33100000000000007
1248272549,0.07162745098039214,-0.23164705882352954
1248272550,0.060553571428571436,-0.017946428571428575
1248272551,0.05255555555555559,0.0
1248272552,0.050062499999999975,0.0
1248272553,0.05179411764705883,0.0
1248272554,0.04952307692307697,0.0
1248272555,0.07229824561403507,-0.2653333333333332
1248272556,0.08600000000000006,-0.3979999999999998
1248272557,0.07601449275362321,-0.287623188405797
1248272558,0.06692857142857152,-0.03832857142857141
1248272559,0.06700000000000007,0.006938461538461542
1248272560,0.06596774193548392,0.01261290322580646
1248272561,0.07028358208955221,0.10243283582089555
1248272562,0.07300000000000001,0.22483823529411767
1248272563,0.06521333333333341,0.0
1248272564,0.06523684210526325,0.0
1248272565,0.06700000000000009,0.0
1248272566,0.067,0.0
1248272567,0.0528918918918919,0.18145945945945952
1248272568,0.0692394366197183,0.21697183098591544
1248272569,0.058950819672131186,0.019508196721311478
1248272570,0.06105882352941174,-0.18055882352941188
1248272571,0.05403030303030303,-0.03368181818181818
1248272572,0.04026086956521741,0.0
1248272573,0.0308970588235294,0.0
1248272574,0.029378787878787845,0.0
1248272575,0.028015151515151535,0.0
1248272576,0.02774626865671641,0.0
1248272577,0.02231884057971014,0.0
1248272578,0.010000000000000005,0.0
1248272579,0.009716216216216222,0.0
1248272580,0.008871428571428577,0.0
1248272581,0.008867647058823534,0.0
1248272582,0.008760000000000006,0.0
1248272583,0.035833333333333335,-0.011055555555555556
1248272584,0.07884057971014496,-0.24802898550724628
1248272585,0.06508571428571436,0.0
1248272586,0.06700000000000009,0.0
1248272587,0.06700000000000009,0.0
1248272588,0.07021126760563391,-0.06726760563380282
1248272589,0.07142666666666678,-0.11143999999999998
1248272590,0.07566176470588243,-0.18144117647058816
1248272591,0.0717272727272728,-0.16281818181818178
1248272592,0.06550000000000007,-0.0124375
1248272593,0.06813846153846162,-0.1102153846153846
1248272594,0.07005882352941184,-0.09591176470588236
1248272595,0.06947692307692313,-0.12552307692307693
1248272596,0.06852380952380953,-0.12355555555555553
1248272597,0.06671830985915499,-0.03104225352112675
1248272598,0.06700000000000009,0.009300000000000004
1248272599,0.06700000000000009,0.007169014084507044
1248272600,0.06725000000000005,0.014647058823529421
1248272601,0.0671194029850747,0.014805970149253741
1248272602,0.06700000000000009,0.007917808219178087
1248272603,0.07117391304347832,0.12395652173913048
1248272604,0.08169696969696967,0.372939393939394
1248272605,0.00975,0.039714285714285716
1248272606,0.0,0.0
1248272607,0.0,0.0
1248272608,0.0,0.0
1248272609,0.0,0.0
1248272610,0.0,0.0
1248272611,0.006142857142857142,-0.028428571428571435
1248272612,0.08541095890410959,-0.3943698630136985
1248272613,0.07281578947368411,-0.18125
1248272614,0.07112328767123295,-0.10526027397260272
1248272615,0.08326666666666666,-0.3811866666666667
1248272616,0.07526582278481019,-0.2754430379746835
1248272617,0.0709733333333334,-0.13364
1248272618,0.0661625000000001,0.0
1248272619,0.06610666666666676,0.0
1248272620,0.06700000000000007,0.0
1248272621,0.06516438356164392,0.0
1248272622,0.06404411764705889,0.0
1248272623,0.06915714285714292,0.08742857142857145
1248272624,0.07550746268656722,0.18268656716417908
1248272625,0.07040983606557376,0.12039344262295087
1248272626,0.06756923076923078,0.05649230769230769
1248272627,0.06997142857142863,0.10491428571428575
1248272628,0.07333333333333333,0.13600000000000004
1248272629,0.07129687500000008,0.11475000000000005
1248272630,0.07192753623188411,0.13008695652173916
1248272631,0.07921739130434781,-0.1760869565217391
1248272632,0.07044999999999998,-0.264475
1248272633,0.0,0.0
1248272634,0.0,0.0
1248272635,0.0,0.0
1248272636,0.0,0.0
1248272637,0.0,0.0
1248272638,0.0,0.0
1248272639,0.033380952380952365,-0.002833333333333333
1248272640,0.054363636363636406,0.0
1248272641,0.05886486486486493,0.0
1248272642,0.06611842105263166,0.0
1248272643,0.06606944444444453,0.0
1248272644,0.06586440677966109,0.0
1248272645,0.07793150684931509,-0.22898630136986292
1248272646,0.07853521126760554,-0.069281690140845
1248272647,0.07181355932203393,0.22696610169491532
1248272648,0.07104081632653064,0.2512653061224491
1248272649,0.07604444444444447,0.30233333333333334
1248272650,0.08171428571428567,0.37706122448979595
1248272651,0.08599999999999995,-0.07934883720930225
1248272652,0.08193617021276596,-0.3613191489361702
1248272653,0.07470212765957439,-0.24610638297872342
1248272654,0.06753333333333336,-0.019155555555555554
1248272655,0.06742857142857143,0.015571428571428573
1248272656,0.06748979591836728,0.20789795918367357
1248272657,0.06134883720930227,0.19797674418604652
1248272658,0.05953333333333335,0.18513333333333348
1248272659,0.05966666666666673,0.18966666666666676
1248272660,0.05779591836734695,0.1859183673469389
1248272661,0.059318181818181805,0.1948181818181818
1248272662,0.05880000000000005,0.19541999999999987
1248272663,0.05906250000000001,0.1791666666666667
1248272664,0.05975510204081628,0.18340816326530612
1248272665,0.06134782608695644,0.18991304347826085
1248272666,0.0588979591836734,0.18097959183673476
1248272667,0.04958333333333331,0.1558958333333333
1248272668,0.03234090909090908,0.0
1248272669,0.03130434782608697,0.0
1248272670,0.03123809523809526,0.0
1248272671,0.03200000000000002,0.0
1248272672,0.03234042553191488,0.0
1248272673,0.03288000000000002,0.0
1248272674,0.03600000000000002,0.0
1248272675,0.037772727272727256,0.0
1248272676,0.059173913043478306,0.15965217391304354
1248272677,0.05380434782608698,0.07982608695652173
1248272678,0.05985106382978723,0.044893617021276595
1248272679,0.06006382978723399,-0.22140425531914892
1248272680,0.05187234042553191,-0.10551063829787231
1248272681,0.04480882352941177,0.0
1248272682,0.043445945945945995,0.0
1248272683,0.041602739726027384,0.0
1248272684,0.04032352941176473,0.0
1248272685,0.03915714285714287,0.0
1248272686,0.043894736842105264,0.04294736842105263
1248272687,0.023972222222222228,0.011333333333333332
1248272688,0.03650000000000001,0.0
1248272689,0.03600000000000002,0.0
1248272690,0.03519480519480521,0.0
1248272691,0.0342676056338028,0.0
1248272692,0.04849999999999995,0.11657142857142862
1248272693,0.04449999999999998,0.08888571428571426
1248272694,0.03892000000000001,0.04793333333333333
1248272695,0.04470000000000007,0.07917142857142859
1248272696,0.05773684210526312,0.07940789473684214
1248272697,0.06746478873239446,0.023042253521126748
1248272698,0.06700000000000009,0.008013513513513516
1248272699,0.06700000000000009,0.008816901408450708
1248272700,0.06700000000000009,-0.0018169014084507044
1248272701,0.06700000000000009,0.002694444444444445
1248272702,0.06700000000000009,0.001861111111111111
1248272703,0.06700000000000007,0.005323529411764708
1248272704,0.06700000000000007,0.010731343283582096
1248272705,0.06700000000000009,0.000931506849315068
1248272706,0.06700000000000009,0.0072857142857142895
1248272707,0.06700000000000009,0.0074084507042253556
1248272708,0.06706493506493513,0.0074415584415584435
1248272709,0.06738181818181821,0.019527272727272723
1248272710,0.06596923076923084,0.006969230769230772
1248272711,0.046135135135135105,-0.15129729729729724
1248272712,0.06994805194805188,-0.27598701298701295
1248272713,0.07226388888888892,-0.2050972222222223
1248272714,0.06700000000000009,0.0
1248272715,0.06516438356164392,0.0
1248272716,0.06609459459459469,0.0
1248272717,0.06600000000000007,0.0
1248272718,0.06606944444444453,0.0
1248272719,0.06700000000000009,0.0
1248272720,0.06521333333333341,0.0
1248272721,0.07573333333333335,0.20671999999999993
1248272722,0.0668507462686568,0.01826865671641791
1248272723,0.0692361111111112,0.068
1248272724,0.07328169014084514,0.1551549295774648
1248272725,0.06958441558441562,0.0741818181818182
1248272726,0.07288732394366201,0.12642253521126764
1248272727,0.07025373134328365,0.09134328358208958
1248272728,0.06681481481481485,0.022666666666666665
1248272729,0.06856164383561653,0.033534246575342465
1248272730,0.07206849315068505,0.1285479452054795
1248272731,0.073418918918919,0.13783783783783785
1248272732,0.07050684931506855,0.09501369863013702
1248272733,0.07135135135135137,0.13232432432432434
1248272734,0.06778873239436622,0.05746478873239437
1248272735,0.0714861111111112,0.09633333333333337
1248272736,0.06518918918918927,0.0
1248272737,0.07269333333333337,0.14144
1248272738,0.06981081081081082,0.09924324324324328
1248272739,0.07054666666666677,0.07616000000000002
1248272740,0.06790410958904118,0.039123287671232874
1248272741,0.07301408450704233,0.14940845070422537
1248272742,0.07251351351351354,0.13783783783783785
1248272743,0.06528205128205136,0.0
1248272744,0.07414285714285716,0.1907532467532467
1248272745,0.07240277777777783,0.136
1248272746,0.0686400000000001,0.054400000000000004
1248272747,0.06700000000000009,0.0
1248272748,0.06904054054054065,0.08270270270270273
1248272749,0.07005882352941184,0.10800000000000004
1248272750,0.06791935483870976,0.019741935483870966
1248272751,0.06743750000000007,0.031875
1248272752,0.07129032258064524,0.09212903225806454
1248272753,0.07223880597014931,0.13397014925373138
1248272754,0.06416901408450712,0.0
1248272755,0.06946376811594204,0.09460869565217395
1248272756,0.06915714285714292,0.08742857142857145
1248272757,0.06598484848484856,0.0
1248272758,0.07208450704225353,0.10918309859154934
1248272759,0.07069444444444446,0.07933333333333335
1248272760,0.07261971830985922,0.12067605633802822
1248272761,0.07194520547945214,0.10619178082191785
1248272762,0.06790410958904118,0.039123287671232874
1248272763,0.07725000000000012,0.22010526315789467
1248272764,0.07105333333333345,0.08704000000000003
1248272765,0.06735443037974692,0.025822784810126582
1248272766,0.07266666666666677,0.1416666666666667
1248272767,0.07115625000000009,0.08925000000000002
1248272768,0.06800000000000005,0.059840000000000004
1248272769,0.06946575342465759,0.055246575342465756
1248272770,0.07016216216216223,0.0857972972972973
1248272771,0.06898437499999997,0.108953125
1248272772,0.06795161290322584,0.09866129032258066
1248272773,0.06687142857142862,0.031142857142857132
1248272774,0.06704687500000008,-0.011406250000000007
1248272775,0.06700000000000009,0.004101449275362321
1248272776,0.065936507936508,-0.004460317460317462
1248272777,0.06476666666666672,-0.0014666666666666662
1248272778,0.06700000000000009,-0.008256756756756762
1248272779,0.06513888888888897,-0.0035694444444444463
1248272780,0.06525974025974035,0.0011298701298701303
1248272781,0.06700000000000009,-0.0006712328767123286
1248272782,0.06700000000000009,-0.011300000000000004
1248272783,0.06700000000000009,0.0009571428571428576
1248272784,0.06697058823529412,-0.033338235294117655
1248272785,0.06698507462686568,-0.03616417910447762
1248272786,0.06799999999999998,-0.03918309859154927
1248272787,0.06471186440677966,-0.09391525423728814
1248272788,0.05465217391304341,0.0
1248272789,0.0516756756756757,0.0
1248272790,0.04762857142857147,0.0
1248272791,0.04523611111111111,0.0
1248272792,0.04215068493150685,0.0
1248272793,0.04055555555555554,0.0
1248272794,0.03894594594594587,0.0
1248272795,0.03688311688311687,0.0
1248272796,0.03504166666666666,0.0
1248272797,0.048436619718309905,0.0
1248272798,0.06532500000000009,0.0
1248272799,0.06700000000000006,0.0
1248272800,0.08412676056338032,-0.3587605633802815
1248272801,0.08480555555555562,-0.392472222222222
1248272802,0.08489743589743598,-0.3928974358974357
1248272803,0.08149315068493151,-0.031342465753424566
1248272804,0.07607246376811601,0.2740579710144927
1248272805,0.07216438356164386,0.17065753424657545
1248272806,0.06700000000000002,0.0
1248272807,0.04055263157894735,0.0
1248272808,0.06700000000000007,0.0
1248272809,0.06700000000000009,0.0
1248272810,0.0670000000000001,0.0
1248272811,0.0647288135593221,0.0
1248272812,0.06700000000000009,0.0
1248272813,0.07127500000000012,-0.08954999999999999
1248272814,0.06727536231884067,-0.005768115942028986
1248272815,0.06934246575342476,-0.04906849315068494
1248272816,0.07442857142857141,-0.18391428571428572
1248272817,0.07647761194029856,-0.2852537313432835
1248272818,0.0712432432432433,-0.14370270270270272
1248272819,0.06700000000000009,0.0
1248272820,0.06700000000000009,0.0
1248272821,0.06700000000000006,0.0
1248272822,0.07238805970149259,0.11570149253731349
1248272823,0.08249253731343288,0.38595522388059716
1248272824,0.06998437500000002,0.25628125000000007
1248272825,0.06098437500000008,0.08479687500000001
1248272826,0.058866666666666664,0.0
1248272827,0.05957500000000003,0.0
1248272828,0.06700000000000006,0.0
1248272829,0.07234883720930237,-0.17641860465116285
1248272830,0.06700000000000005,0.0
1248272831,0.06551111111111114,0.0
1248272832,0.06700000000000003,0.0
1248272833,0.07131818181818178,0.09272727272727273
1248272834,0.0727959183673469,0.1831836734693878
1248272835,0.06753999999999999,0.09792000000000002
1248272836,0.07063829787234048,0.07812765957446807
1248272837,0.0728181818181818,0.15763636363636369
1248272838,0.0712142857142857,0.16757142857142862
1248272839,0.07233802816901409,0.1551549295774648
1248272840,0.07341558441558454,0.1377662337662338
1248272841,0.07333333333333339,0.136
1248272842,0.0751184210526316,0.19326315789473678
1248272843,0.06659154929577474,0.011492957746478873
1248272844,0.07174358974358987,0.12030769230769234
1248272845,0.07284931506849321,0.14531506849315068
1248272846,0.07043478260869568,0.09460869565217395
1248272847,0.07404545454545461,0.17309090909090907
1248272848,0.06891304347826088,0.0827826086956522
1248272849,0.07340540540540544,0.1764324324324324
1248272850,0.07418571428571437,0.17485714285714282
1248272851,0.07129333333333333,0.13056
1248272852,0.0786268656716419,0.2496716417910447
1248272853,0.06967605633802826,0.05746478873239437
1248272854,0.07168493150684933,0.10060273972602744
1248272855,0.07258904109589048,0.13972602739726028
1248272856,0.07319480519480524,0.15311688311688315
1248272857,0.06600000000000007,0.0
1248272858,0.07034666666666674,0.14919999999999997
1248272859,0.06876811594202892,0.10805797101449274
1248272860,0.06625714285714294,0.01347142857142858
1248272861,0.06541891891891889,-0.006554054054054051
1248272862,0.06713888888888898,-0.010944444444444451
1248272863,0.06700000000000009,0.010186666666666672
1248272864,0.06700000000000009,0.003466666666666666
1248272865,0.0669718309859154,0.040760563380281695
1248272866,0.06634246575342476,0.013589041095890417
1248272867,0.06700000000000009,0.004785714285714287
1248272868,0.06606944444444453,0.008263888888888895
1248272869,0.06516438356164392,0.004246575342465756
1248272870,0.06511267605633811,0.0016478873239436625
1248272871,0.06700000000000007,0.0057352941176470615
1248272872,0.06613698630136995,0.009712328767123293
1248272873,0.06595312500000007,0.0026718750000000006
1248272874,0.06618571428571435,0.012828571428571436
1248272875,0.06702777777777785,0.012638888888888897
1248272876,0.06700000000000006,0.00464406779661017
1248272877,0.06700000000000007,0.0076470588235294165
1248272878,0.06700000000000009,0.009302631578947373
1248272879,0.06700000000000009,0.004891891891891894
1248272880,0.06700000000000009,0.009625000000000005
1248272881,0.07140579710144934,-0.09050724637681158
1248272882,0.08140845070422538,-0.3566478873239436
1248272883,0.07527397260273977,-0.26204109589041086
1248272884,0.07058974358974367,-0.12129487179487186
1248272885,0.06700000000000009,0.0
1248272886,0.06700000000000009,0.0
1248272887,0.06700000000000009,0.0
1248272888,0.06700000000000009,0.0
1248272889,0.06700000000000009,0.0
1248272890,0.06700000000000009,0.0
1248272891,0.06700000000000007,0.0
1248272892,0.06700000000000009,0.0
1248272893,0.0684250000000001,-0.029850000000000005
1248272894,0.08600000000000009,-0.3979999999999998
1248272895,0.08561038961038968,-0.3949090909090907
1248272896,0.07485714285714289,-0.22496103896103894
1248272897,0.06700000000000009,0.0
1248272898,0.06700000000000009,0.0
1248272899,0.06700000000000009,0.0
1248272900,0.06700000000000009,0.0
1248272901,0.06700000000000009,0.0
1248272902,0.06700000000000009,0.0
1248272903,0.06700000000000007,0.0
1248272904,0.06700000000000009,0.0
1248272905,0.0794027777777778,-0.25980555555555546
1248272906,0.08600000000000006,-0.3979999999999998
1248272907,0.08600000000000005,-0.3979999999999998
1248272908,0.08600000000000005,-0.3979999999999998
1248272909,0.07997014925373137,-0.324328358208955
1248272910,0.07182089552238813,0.07826865671641796
1248272911,0.08235616438356165,0.3783287671232876
1248272912,0.07398571428571431,0.24701428571428566
1248272913,0.06681690140845079,0.026478873239436623
1248272914,0.06700000000000009,0.0
1248272915,0.06700000000000009,0.0
1248272916,0.066082191780822,0.0
1248272917,0.07189062499999999,-0.12437499999999997
1248272918,0.07071621621621631,-0.09681081081081079
1248272919,0.07214285714285726,-0.1478285714285714
1248272920,0.07649253731343289,-0.2197910447761193
1248272921,0.07431081081081085,-0.17210810810810803
1248272922,0.06905797101449278,-0.06344927536231885
1248272923,0.06811111111111119,-0.026250000000000002
1248272924,0.07082191780821928,-0.09275342465753424
1248272925,0.07187179487179488,-0.16655128205128197
1248272926,0.06980555555555551,-0.1651388888888889
1248272927,0.0435128205128205,-0.010615384615384617
1248272928,0.06768493150684941,-0.02824657534246574
1248272929,0.06612676056338035,0.009873239436619724
1248272930,0.06612676056338035,0.007239436619718313
1248272931,0.06508571428571436,-0.004600000000000002
1248272932,0.0661625000000001,0.003799999999999998
1248272933,0.06709210526315795,-0.007868421052631582
1248272934,0.06640506329113925,0.013556962025316461
1248272935,0.06604285714285722,1.4285714285714497e-05
1248272936,0.0679178082191781,0.027273972602739727
1248272937,0.0745802469135802,0.23981481481481473
1248272938,0.0672361111111112,0.04081944444444444
1248272939,0.066082191780822,0.0
1248272940,0.06602898550724645,0.0
1248272941,0.06505797101449283,0.0
1248272942,0.06600000000000007,0.0
1248272943,0.06609459459459469,0.0
1248272944,0.06700000000000009,0.0
1248272945,0.06606944444444453,0.0
1248272946,0.06700000000000009,0.0
1248272947,0.06609459459459469,0.0
1248272948,0.07033802816901409,-0.08969014084507042
1248272949,0.06612987012987022,0.0
1248272950,0.067661971830986,-0.03363380281690141
1248272951,0.06811842105263166,-0.04189473684210527
1248272952,0.0732368421052632,-0.167578947368421
1248272953,0.06698648648648657,-0.037648648648648655
1248272954,0.06772727272727282,-0.0516883116883117
1248272955,0.06609459459459469,0.0
1248272956,0.07320512820512827,-0.14797435897435893
1248272957,0.06700000000000009,0.0
1248272958,0.0707162162162163,-0.09681081081081079
1248272959,0.06775000000000007,-0.015710526315789473
1248272960,0.06864000000000009,-0.05306666666666668
1248272961,0.06848051948051959,-0.031012987012987017
1248272962,0.07088461538461546,-0.11735897435897434
1248272963,0.07057142857142865,-0.09303896103896102
1248272964,0.06700000000000009,0.0
1248272965,0.06939240506329125,-0.08564556962025316
1248272966,0.06606944444444453,0.0
1248272967,0.07088524590163933,-0.1043934426229508
1248272968,0.06875384615384623,-0.036738461538461546
1248272969,0.07015942028985517,-0.08652173913043477
1248272970,0.06917567567567579,-0.06454054054054055
1248272971,0.06728358208955232,-0.0059402985074626866
1248272972,0.07342253521126772,-0.1345352112676056
1248272973,0.06933333333333336,-0.06921739130434784
1248272974,0.06698630136986311,-0.03816438356164384
1248272975,0.07071621621621631,-0.09681081081081079
1248272976,0.06802702702702712,-0.021513513513513514
1248272977,0.06508571428571436,0.0
1248272978,0.06700000000000009,0.0
1248272979,0.07024657534246585,-0.08723287671232877
1248272980,0.0684054054054055,-0.048405405405405416
1248272981,0.06940845070422544,-0.050450704225352125
1248272982,0.0681805555555556,-0.04422222222222223
1248272983,0.06700000000000009,0.0
1248272984,0.0795066666666667,0.26785333333333333
1248272985,0.07491891891891889,0.2682567567567568
1248272986,0.06805263157894746,0.06456578947368422
1248272987,0.06700000000000009,0.0
1248272988,0.06518918918918927,0.0
1248272989,0.06516438356164392,0.0
1248272990,0.06700000000000009,0.0
1248272991,0.0700000000000001,-0.06284210526315791
1248272992,0.07367567567567576,-0.1398378378378378
1248272993,0.07935211267605638,-0.2778591549295774
1248272994,0.07606849315068491,-0.29360273972602746
1248272995,0.07228000000000004,-0.20357333333333336
1248272996,0.06700000000000009,0.0
1248272997,0.0660563380281691,0.0
1248272998,0.06532500000000009,0.0
1248272999,0.06611842105263166,0.0
1248273000,0.0660563380281691,0.0
1248273001,0.06511267605633811,0.0
1248273002,0.06604285714285722,0.0
1248273003,0.06724675324675333,0.005298701298701298
1248273004,0.07125641025641039,0.10984615384615389
1248273005,0.07292207792207797,0.12716883116883118
1248273006,0.07333333333333343,0.136
1248273007,0.06741176470588242,0.03
1248273008,0.0711304347826088,0.08869565217391306
1248273009,0.07454794520547947,0.1620821917808219
1248273010,0.0700400000000001,0.06528
1248273011,0.06920547945205488,0.06706849315068494
1248273012,0.07111842105263165,0.10736842105263163
1248273013,0.07425000000000004,0.17566666666666664
1248273014,0.06889333333333343,0.059840000000000004
1248273015,0.07904000000000001,0.3365866666666667
1248273016,0.07376315789473681,0.24306578947368424
1248273017,0.06891780821917816,0.09420547945205479
1248273018,0.06700000000000009,0.0
1248273019,0.06700000000000009,0.0
1248273020,0.06612987012987022,0.0
1248273021,0.06611842105263166,0.0
1248273022,0.06528205128205136,0.0
1248273023,0.06870833333333343,0.05666666666666667
1248273024,0.08364383561643841,0.3968219178082196
1248273025,0.07545454545454552,-0.02864935064935066
1248273026,0.06700000000000009,0.0
1248273027,0.06700000000000009,0.0
1248273028,0.06700000000000009,0.0
1248273029,0.06700000000000009,0.0
1248273030,0.008375,0.0
1248273031,0.0,0.0
1248273032,0.0,0.0
1248273033,0.0,0.0
1248273034,0.0,0.0
1248273035,0.0,0.0
1248273036,0.0036236559139784944,0.0
1248273037,0.05329629629629636,0.0
1248273038,0.08430136986301377,-0.3761917808219176
1248273039,0.08600000000000005,-0.3979999999999998
1248273040,0.08600000000000006,-0.3979999999999998
1248273041,0.08600000000000005,-0.3979999999999998
1248273042,0.08600000000000005,-0.3979999999999998
1248273043,0.08600000000000005,-0.3979999999999998
1248273044,0.08600000000000005,-0.3979999999999998
1248273045,0.08395890410958902,-0.37983561643835606
1248273046,0.07031578947368423,-0.10768421052631579
1248273047,0.04628947368421052,-0.18584210526315792
1248273048,0.0704383561643835,-0.2548493150684932
1248273049,0.06222368421052632,-0.10953947368421056
1248273050,0.055140845070422516,0.0
1248273051,0.05287499999999998,0.0
1248273052,0.05090410958904105,0.0
1248273053,0.04894520547945204,0.0
1248273054,0.04607792207792213,0.0
1248273055,0.0451643835616438,0.0
1248273056,0.05457333333333338,-0.026533333333333336
1248273057,0.08600000000000005,-0.3979999999999998
1248273058,0.08161428571428572,-0.35117142857142847
1248273059,0.07002739726027385,-0.11252054794520545
1248273060,0.06721428571428573,0.09838571428571428
1248273061,0.060632352941176436,0.0
1248273062,0.05662903225806446,0.0
1248273063,0.05452307692307693,0.0
1248273064,0.053185714285714246,0.0
1248273065,0.051616438356164474,0.0
1248273066,0.04933846153846151,0.0
1248273067,0.058714285714285754,-0.10809999999999999
1248273068,0.05605633802816906,-0.08208450704225352
1248273069,0.05723287671232872,-0.08982191780821919
1248273070,0.05872727272727273,-0.08866233766233764
1248273071,0.06786301369863006,-0.07178082191780827
1248273072,0.06745205479452064,-0.02478082191780821
1248273073,0.06700000000000009,-0.015726027397260273
1248273074,0.06700000000000009,-0.0010140845070422532
1248273075,0.06604285714285722,-0.006500000000000004
1248273076,0.06718055555555565,-0.020569444444444453
1248273077,0.06596923076923084,-0.012061538461538469
1248273078,0.06604285714285722,-0.0023142857142857145
1248273079,0.06700000000000009,-0.00702702702702703
1248273080,0.06586440677966109,-0.003966101694915256
1248273081,0.06733802816901406,-0.01647887323943662
1248273082,0.06799999999999998,-0.043126760563380266
1248273083,0.0686388888888888,-0.06522222222222224
1248273084,0.07056756756756766,0.0596351351351351
1248273085,0.06839473684210536,0.03511842105263158
1248273086,0.06700000000000009,0.0
1248273087,0.06700000000000009,0.0
1248273088,0.06700000000000009,0.0
1248273089,0.06700000000000009,0.0
1248273090,0.06700000000000009,0.0
1248273091,0.06700000000000009,0.0
1248273092,0.08188059701492541,0.34101492537313455
1248273093,0.08467692307692311,0.4017230769230773
1248273094,0.08600000000000006,0.4080000000000005
1248273095,0.08600000000000006,0.4080000000000005
1248273096,0.08600000000000006,0.4080000000000005
1248273097,0.08574285714285715,0.4062000000000003
1248273098,0.07422972972972976,0.22370270270270268
1248273099,0.06655714285714295,0.026999999999999972
1248273100,0.06700000000000009,0.01070422535211268
1248273101,0.06764788732394367,0.03108450704225353
1248273102,0.06768055555555566,0.03441666666666662
1248273103,0.06700000000000009,0.0007792207792207789
1248273104,0.06991666666666668,0.08636111111111111
1248273105,0.07509333333333336,0.2531333333333335
1248273106,0.06965753424657543,0.08816438356164384
1248273107,0.06611842105263166,0.0
1248273108,0.06609459459459469,0.0
1248273109,0.06612987012987022,0.0
1248273110,0.0661518987341773,0.0
1248273111,0.06610666666666676,0.0
1248273112,0.06700000000000009,0.0
1248273113,0.06611842105263166,0.0
1248273114,0.06611842105263166,0.0
1248273115,0.0687200000000001,-0.09001333333333335
1248273116,0.07570833333333336,-0.2872083333333334
1248273117,0.0718857142857143,-0.19341428571428568
1248273118,0.06591935483870974,0.0
1248273119,0.06700000000000009,0.0
1248273120,0.06595312500000007,0.0
1248273121,0.066082191780822,0.0
1248273122,0.06823913043478262,-0.025956521739130434
1248273123,0.08536363636363635,-0.39445454545454534
1248273124,0.08241860465116274,0.11104651162790699
1248273125,0.07871111111111112,0.3515777777777779
1248273126,0.06736363636363638,0.23463636363636367
1248273127,0.05628260869565215,0.04167391304347827
1248273128,0.04978571428571431,0.0
1248273129,0.049975000000000006,0.0
1248273130,0.04788461538461541,0.0
1248273131,0.046896551724137904,0.0
1248273132,0.04733333333333332,-0.07447916666666667
1248273133,0.05067500000000001,-0.19865
1248273134,0.005687500000000001,-0.05725000000000002
1248273135,0.00881632653061225,-0.034285714285714294
1248273136,0.008617021276595749,0.0
1248273137,0.007567567567567573,0.0
1248273138,0.008000000000000005,0.0
1248273139,0.007813953488372098,0.0
1248273140,0.007659574468085112,0.0
1248273141,0.00772881355932204,0.0
1248273142,0.007000000000000005,0.0
1248273143,0.006900000000000005,0.0
1248273144,0.0068985507246376865,0.0
1248273145,0.007375000000000005,0.0
1248273146,0.008000000000000005,0.0
1248273147,0.008000000000000005,0.0
1248273148,0.0843043478260869,-0.3893478260869564
1248273149,0.08599999999999995,-0.39799999999999985
1248273150,0.049423728813559255,-0.1380169491525424
1248273151,0.009000000000000005,0.14673134328358206
1248273152,0.009000000000000005,0.10522727272727275
1248273153,0.008859375000000004,0.013953125
1248273154,0.009000000000000005,0.0
1248273155,0.00888571428571429,0.0
1248273156,0.008521739130434788,0.0
1248273157,0.008259259259259265,0.0
1248273158,0.00833802816901409,0.0
1248273159,0.008152777777777781,0.0
1248273160,0.008044776119402991,0.0
1248273161,0.03728169014084508,0.0
1248273162,0.07101515151515155,-0.12663636363636363
1248273163,0.06975362318840589,-0.05768115942028987
1248273164,0.07272058823529412,-0.1404705882352941
1248273165,0.07373913043478272,-0.16150724637681155
1248273166,0.0352957746478873,-0.06726760563380282
1248273167,0.018049382716049386,-0.08353086419753085
1248273168,0.06898387096774201,-0.06419354838709679
1248273169,0.07765151515151515,-0.22312121212121203
1248273170,0.07469047619047618,-0.16109523809523807
1248273171,0.07153999999999996,-0.15123999999999996
1248273172,0.07218181818181812,-0.10854545454545456
1248273173,0.0674130434782609,-0.008652173913043478
1248273174,0.06932653061224495,-0.04873469387755103
1248273175,0.06700000000000002,0.0
1248273176,0.04876923076923077,-0.00830769230769233
1248273177,0.07463793103448273,0.28886206896551725
1248273178,0.07317808219178082,0.22884931506849315
1248273179,0.067082191780822,0.0028082191780821916
1248273180,0.0660563380281691,0.0
1248273181,0.06700000000000009,0.0
1248273182,0.06700000000000007,0.0
1248273183,0.06700000000000006,0.0
1248273184,0.07094805194805198,-0.08270129870129869
1248273185,0.07094805194805204,-0.08270129870129869
1248273186,0.0748714285714287,-0.16488571428571422
1248273187,0.07506849315068506,-0.16901369863013693
1248273188,0.07454794520547951,-0.15810958904109584
1248273189,0.07025000000000005,-0.06807894736842106
1248273190,0.07033783783783794,-0.06991891891891892
1248273191,0.07038356164383572,-0.07087671232876713
1248273192,0.07305797101449288,-0.12689855072463765
1248273193,0.07544444444444458,-0.17688888888888882
1248273194,0.07101408450704236,-0.08408450704225352
1248273195,0.07237142857142859,-0.14441428571428566
1248273196,0.07027142857142861,-0.10149999999999999
1248273197,0.06901470588235302,-0.07517647058823526
1248273198,0.06764285714285725,-0.031214285714285677
1248273199,0.06700000000000009,0.006410958904109591
1248273200,0.06518918918918927,-0.0017567567567567562
1248273201,0.06706849315068501,-0.0013561643835616438
1248273202,0.06700000000000009,0.004465753424657536
1248273203,0.06700000000000009,-0.0052714285714285745
1248273204,0.06612987012987022,0.002571428571428571
1248273205,0.06700000000000009,-0.003135135135135136
1248273206,0.066082191780822,0.002479452054794521
1248273207,0.06700000000000007,-0.004955882352941179
1248273208,0.06700000000000007,-0.00011764705882352921
1248273209,0.066082191780822,0.0036301369863013717
1248273210,0.06700000000000009,-0.0038783783783783794
1248273211,0.06700000000000009,0.0014492753623188406
1248273212,0.0672941176470588,0.0733235294117647
1248273213,0.06977611940298517,0.09185074626865673
1248273214,0.06612987012987022,0.0
1248273215,0.06700000000000009,0.0
1248273216,0.06700000000000009,0.0
1248273217,0.06596923076923084,0.0
1248273218,0.06609459459459469,0.0
1248273219,0.066082191780822,0.0
1248273220,0.06700000000000009,0.0
1248273221,0.06518918918918927,0.0
1248273222,0.06602898550724645,0.0
1248273223,0.06500000000000007,0.0
1248273224,0.06487301587301594,0.0
1248273225,0.06601470588235302,0.0
1248273226,0.06700000000000009,0.0
1248273227,0.06505797101449283,0.0
1248273228,0.06854794520547955,-0.07087671232876713
1248273229,0.06496969696969704,0.0
1248273230,0.06828787878787883,-0.04824242424242425
1248273231,0.06480327868852466,0.0
1248273232,0.06604285714285722,0.0
1248273233,0.07385245901639353,-0.14354098360655734
1248273234,0.07636231884057973,0.20104347826086952
1248273235,0.08456944444444443,0.3952083333333334
1248273236,0.07657746478873247,0.2839577464788731
1248273237,0.071472972972973,0.14801351351351358
1248273238,0.06700000000000009,0.0
1248273239,0.06700000000000009,0.0
1248273240,0.06700000000000009,0.0
1248273241,0.06700000000000009,0.0
1248273242,0.06700000000000009,0.0
1248273243,0.06700000000000007,0.0
1248273244,0.06700000000000009,0.0
1248273245,0.06956756756756767,-0.053783783783783796
1248273246,0.06831944444444453,-0.027638888888888893
1248273247,0.07230882352941188,-0.11120588235294115
1248273248,0.07113043478260876,-0.08652173913043477
1248273249,0.06975362318840586,-0.05768115942028987
1248273250,0.07181690140845072,-0.10090140845070421
1248273251,0.06725714285714292,-0.045485714285714296
1248273252,0.06740000000000007,-0.02842857142857143
1248273253,0.0729054054054055,-0.12370270270270267
1248273254,0.07378571428571429,-0.1421428571428571
1248273255,0.06911111111111114,-0.04422222222222223
1248273256,0.06627272727272734,-0.006030303030303031
1248273257,0.07346376811594213,-0.15573913043478257
1248273258,0.07270000000000011,-0.11939999999999998
1248273259,0.07071014492753633,-0.09805797101449273
1248273260,0.06980281690140855,-0.07847887323943661
1248273261,0.06741176470588242,-0.029264705882352943
1248273262,0.07351428571428573,-0.13645714285714283
1248273263,0.07201388888888899,-0.10502777777777776
1248273264,0.07008108108108117,-0.06454054054054055
1248273265,0.06500000000000007,0.0
1248273266,0.06700000000000006,0.0
1248273267,0.07114084507042262,-0.1065070422535211
1248273268,0.07194520547945205,-0.10358904109589039
1248273269,0.07257142857142858,-0.13898412698412696
1248273270,0.07153623188405803,-0.11536231884057968
1248273271,0.06742424242424251,-0.030151515151515155
1248273272,0.06831944444444453,-0.027638888888888893
1248273273,0.06930000000000008,-0.06822857142857144
1248273274,0.07187837837837846,-0.10218918918918916
1248273275,0.07181818181818185,-0.15196363636363633
1248273276,0.07318840579710144,-0.14997101449275357
1248273277,0.07082089552238807,-0.10098507462686566
1248273278,0.06940298507462694,-0.07128358208955225
1248273279,0.07212698412698422,-0.10739682539682538
1248273280,0.0703857142857144,-0.09097142857142856
1248273281,0.07063013698630147,-0.11449315068493149
1248273282,0.07282666666666666,-0.1220533333333333
1248273283,0.07359722222222224,-0.1381944444444444
1248273284,0.07110810810810819,-0.08605405405405404
1248273285,0.06900000000000009,-0.06166197183098593
1248273286,0.067,0.0
1248273287,0.05441666666666668,-0.24322222222222217
1248273288,0.07016666666666677,-0.06633333333333334
1248273289,0.07114084507042256,-0.1065070422535211
1248273290,0.07085135135135139,-0.08067567567567567
1248273291,0.06521333333333341,0.0
1248273292,0.06961842105263169,-0.07331578947368421
1248273293,0.07119480519480528,-0.08787012987012986
1248273294,0.0701184210526316,-0.08378947368421052
1248273295,0.0722205882352941,-0.11952941176470591
1248273296,0.0690125,-0.10942499999999997
1248273297,0.06946575342465751,-0.14045205479452053
1248273298,0.0648947368421052,-0.06669736842105263
1248273299,0.06884931506849318,-0.07219178082191781
1248273300,0.06700000000000009,0.007857142857142863
1248273301,0.06700000000000009,0.010550724637681166
1248273302,0.06557377049180325,-0.20926229508196723
1248273303,0.053533333333333336,-0.1892888888888889
1248273304,0.04357446808510637,-0.04193617021276595
1248273305,0.03877083333333333,0.0
1248273306,0.03584782608695651,0.0
1248273307,0.03510000000000001,0.0
1248273308,0.054822222222222196,0.16320000000000007
1248273309,0.062304347826087,0.23060869565217393
1248273310,0.04513333333333336,0.0695111111111111
1248273311,0.06272916666666664,0.15393750000000003
1248273312,0.06816666666666671,0.052333333333333315
1248273313,0.06702631578947377,0.013907894736842114
1248273314,0.06702985074626873,0.012119402985074633
1248273315,0.06700000000000009,0.00880555555555556
1248273316,0.04277142857142858,0.0013
1248273317,0.038000000000000006,0.0
1248273318,0.03580281690140847,0.0
1248273319,0.03541666666666667,0.0
1248273320,0.03368055555555555,0.0
1248273321,0.03184285714285717,0.0
1248273322,0.030171428571428568,0.0
1248273323,0.02935616438356161,0.0
1248273324,0.028271186440677987,0.0
1248273325,0.02800000000000002,0.0
1248273326,0.048760563380281716,0.05035211267605634
1248273327,0.07683333333333334,0.2914090909090908
1248273328,0.07735416666666668,0.3393125000000001
1248273329,0.08235555555555553,0.38977777777777783
1248273330,0.0762291666666667,0.35545833333333365
1248273331,0.06971111111111111,0.3178444444444445
1248273332,0.060291666666666695,0.2235625
1248273333,0.05045000000000001,0.050324999999999995
1248273334,0.04569047619047621,0.0
1248273335,0.04436363636363639,0.0
1248273336,0.04059574468085104,0.0
1248273337,0.05368571428571427,0.0
1248273338,0.07390909090909094,-0.1447272727272727
1248273339,0.03509523809523808,-0.10557142857142855
1248273340,0.0,0.5363500000000001
1248273341,0.0,0.2871590909090909
1248273342,0.016271428571428565,0.12701428571428575
1248273343,0.0584102564102564,0.0
1248273344,0.06700000000000003,0.0
1248273345,0.06700000000000007,0.0
1248273346,0.0744929577464789,-0.1569577464788732
1248273347,0.07482432432432434,-0.1828648648648648
1248273348,0.07090410958904114,-0.08178082191780822
1248273349,0.07384000000000004,-0.14327999999999996
1248273350,0.07610958904109591,-0.1908219178082191
1248273351,0.07050000000000006,-0.07331578947368421
1248273352,0.07306944444444452,-0.12713888888888886
1248273353,0.07594117647058826,-0.18729411764705875
1248273354,0.07050684931506854,-0.0926849315068493
1248273355,0.07306944444444448,-0.12713888888888886
1248273356,0.07412500000000002,-0.14924999999999997
1248273357,0.07038356164383569,-0.07087671232876713
1248273358,0.07298630136986309,-0.12539726027397258
1248273359,0.0750281690140845,-0.168169014084507
1248273360,0.0731549295774648,-0.1289295774647887
1248273361,0.07050000000000005,-0.07331578947368421
1248273362,0.07556338028169024,-0.17938028169014078
1248273363,0.0751066666666667,-0.16981333333333326
1248273364,0.07612000000000009,-0.19103999999999993
1248273365,0.07105333333333344,-0.08490666666666666
1248273366,0.07666666666666672,-0.22452000000000003
1248273367,0.06995384615384619,-0.09353846153846156
1248273368,0.06743055555555548,-0.08113888888888887
1248273369,0.0661351351351352,0.0030540540540540547
1248273370,0.06514084507042261,0.008281690140845075
1248273371,0.06502941176470596,0.0011029411764705882
1248273372,0.06609859154929586,0.011901408450704233
1248273373,0.06502941176470596,0.007308823529411768
1248273374,0.06700000000000009,2.898550724637685e-05
1248273375,0.07259210526315796,-0.20122368421052628
1248273376,0.07039726027397264,-0.14541095890410963
1248273377,0.06602898550724645,0.0
1248273378,0.06700000000000009,0.0
1248273379,0.06610666666666676,0.0
1248273380,0.07040000000000002,0.0924266666666667
1248273381,0.0705571428571429,0.09204285714285716
1248273382,0.07072972972972978,0.14333783783783788
1248273383,0.06773239436619713,0.06849295774647884
1248273384,0.0675000000000001,0.026842857142857116
1248273385,0.06700000000000009,0.006757142857142861
1248273386,0.06614864864864871,0.0025540540540540534
1248273387,0.06612857142857151,0.010285714285714292
1248273388,0.0673103448275863,0.012000000000000007
1248273389,0.06350877192982461,0.009543859649122811
1248273390,0.07031746031746038,-0.06247619047619049
1248273391,0.08133846153846158,-0.3547692307692308
1248273392,0.07397183098591549,-0.2509014084507042
1248273393,0.0685657894736843,-0.05398684210526315
1248273394,0.06606944444444453,0.0
1248273395,0.06527777777777777,0.0
1248273396,0.06255555555555564,0.0
1248273397,0.055695652173913014,0.0
1248273398,0.070758064516129,0.18425806451612903
1248273399,0.06123943661971826,0.04597183098591549
1248273400,0.06549315068493147,0.10060273972602744
1248273401,0.07036111111111103,0.17566666666666664
1248273402,0.0641408450704226,0.10415492957746478
1248273403,0.06637878787878787,0.1437272727272727
1248273404,0.06423943661971832,0.10932394366197185
1248273405,0.06477586206896557,0.07875862068965514
1248273406,0.027366197183098576,0.0008873239436619715
1248273407,0.018345238095238088,-0.0030952380952380953
1248273408,0.06516438356164392,0.0007808219178082191
1248273409,0.06615999999999997,0.09158
1248273410,0.06704081632653058,0.2795306122448981
1248273411,0.0608913043478261,0.27434782608695646
1248273412,0.001163265306122449,0.24859183673469387
1248273413,0.019000000000000003,0.11853333333333332
1248273414,0.042312500000000024,0.0
1248273415,0.0411063829787234,0.0
1248273416,0.03983333333333331,0.0
1248273417,0.03848979591836732,0.0
1248273418,0.046613636363636385,-0.07236363636363638
1248273419,0.05338775510204083,-0.12995918367346937
1248273420,0.06047727272727276,-0.18090909090909088
1248273421,0.047711111111111086,-0.08844444444444446
1248273422,0.05026530612244897,-0.11371428571428571
1248273423,0.057795918367346925,-0.17057142857142854
1248273424,0.03649999999999997,-0.00796
1248273425,0.04306976744186045,-0.09255813953488375
1248273426,0.05260465116279072,-0.13883720930232557
1248273427,0.03600000000000002,0.0
1248273428,0.049541666666666685,-0.10779166666666667
1248273429,0.03827659574468082,-0.025404255319148934
1248273430,0.04433333333333333,-0.0863921568627451
1248273431,0.04107692307692309,-0.0630576923076923
1248273432,0.04659999999999995,-0.07927272727272727
1248273433,0.046130434782608726,-0.008840579710144927
1248273434,0.06872857142857144,-0.0690857142857143
1248273435,0.06496969696969704,0.004712121212121213
1248273436,0.06700000000000007,0.010375000000000006
1248273437,0.06718181818181826,0.016878787878787868
1248273438,0.06702816901408458,0.009267605633802823
1248273439,0.06529729729729737,0.01705405405405405
1248273440,0.06606944444444453,0.0056666666666666705
1248273441,0.0662602739726028,0.016630136986301374
1248273442,0.06700000000000007,0.009735294117647064
1248273443,0.06601470588235302,0.0005294117647058818
1248273444,0.06521333333333341,0.009160000000000005
1248273445,0.06511267605633811,0.0033239436619718317
1248273446,0.06701351351351359,0.005486486486486489
1248273447,0.06705479452054802,0.014027397260273982
1248273448,0.06600000000000007,0.009671641791044782
1248273449,0.06700000000000009,0.01078260869565218
1248273450,0.05839189189189189,0.17656756756756767
1248273451,0.05220547945205479,0.22889041095890417
1248273452,0.045613333333333346,0.2095866666666667
1248273453,0.05938028169014081,0.2099014084507042
1248273454,0.06790410958904118,0.031561643835616444
1248273455,0.0660563380281691,0.0
1248273456,0.06700000000000009,0.0
1248273457,0.06700000000000007,0.0
1248273458,0.06609459459459469,0.0
1248273459,0.06700000000000009,0.0
1248273460,0.06700000000000009,0.0
1248273461,0.06934246575342476,-0.04906849315068494
1248273462,0.06783823529411771,-0.017558823529411766
1248273463,0.07128767123287676,-0.10904109589041093
1248273464,0.06951562500000004,-0.07462500000000001
1248273465,0.06727941176470596,-0.0058529411764705885
1248273466,0.06946376811594213,-0.09228985507246376
1248273467,0.07188571428571433,-0.10234285714285712
1248273468,0.06604285714285722,0.0
1248273469,0.07091176470588245,-0.08194117647058824
1248273470,0.06848571428571432,-0.05117142857142858
1248273471,0.06937500000000006,-0.04975000000000001
1248273472,0.07246969696969707,-0.11457575757575755
1248273473,0.0696470588235295,-0.07608823529411765
1248273474,0.07327941176470591,-0.15217647058823525
1248273475,0.06867647058823537,-0.03511764705882353
1248273476,0.07045945945945956,-0.09143243243243242
1248273477,0.06606944444444453,0.0
1248273478,0.06970129870129878,-0.09303896103896102
1248273479,0.07506849315068499,-0.16901369863013693
1248273480,0.07142465753424668,-0.0926849315068493
1248273481,0.07388405797101451,-0.1442028985507246
1248273482,0.06759493670886085,-0.030227848101265827
1248273483,0.06866216216216225,-0.053783783783783796
1248273484,0.07350684931506851,-0.13630136986301367
1248273485,0.07043055555555566,-0.07186111111111111
1248273486,0.06960273972602748,-0.05452054794520549
1248273487,0.07061842105263168,-0.09426315789473683
1248273488,0.0671285714285715,-0.022742857142857145
1248273489,0.07053731343283587,-0.09504477611940297
1248273490,0.07045454545454552,-0.07236363636363637
1248273491,0.0684054054054055,-0.048405405405405416
1248273492,0.06767142857142865,-0.03411428571428572
1248273493,0.07351428571428573,-0.13645714285714283
1248273494,0.0692028985507247,-0.046144927536231894
1248273495,0.06612987012987022,0.0
1248273496,0.07063235294117658,-0.07608823529411765
1248273497,0.06934246575342476,-0.04906849315068494
1248273498,0.06920547945205488,-0.06542465753424659
1248273499,0.07128767123287681,-0.10904109589041093
1248273500,0.07391428571428575,-0.16488571428571422
1248273501,0.067661971830986,-0.03363380281690141
1248273502,0.07085135135135145,-0.08067567567567567
1248273503,0.07105333333333344,-0.08490666666666666
1248273504,0.07085000000000002,-0.1265
1248273505,0.06972602739726039,-0.09354794520547942
1248273506,0.06790000000000007,-0.02432857142857143
1248273507,0.07087323943661983,-0.11185915492957747
1248273508,0.06853521126760573,-0.11123943661971832
1248273509,0.06911428571428582,-0.07582857142857141
1248273510,0.06880952380952379,-0.07268253968253971
1248273511,0.06742857142857153,-0.024171428571428556
1248273512,0.002627450980392157,-0.000196078431372549
1248273513,0.0,0.0
1248273514,0.0,0.0
1248273515,0.0,0.0
1248273516,0.0,0.0
1248273517,0.0,0.0
1248273518,0.0085531914893617,0.0015531914893617024
1248273519,0.06609459459459469,0.0017702702702702704
1248273520,0.06717241379310353,-0.020017241379310356
1248273521,0.06517142857142864,0.004542857142857144
1248273522,0.06617333333333339,0.0005066666666666657
1248273523,0.06695652173913047,0.07097101449275364
1248273524,0.07237837837837832,0.18963513513513508
1248273525,0.07334722222222215,0.23248611111111103
1248273526,0.07299999999999997,0.21413157894736848
1248273527,0.060763157894736845,-0.2665263157894736
1248273528,0.0761842105263159,-0.0031315789473683403
1248273529,0.07475757575757579,0.0780606060606061
1248273530,0.07678947368421056,-0.011513157894736852
1248273531,0.07336666666666672,0.08333333333333329
1248273532,0.07621052631578948,-0.027868421052631542
1248273533,0.07556756756756759,-0.0034324324324324445
1248273534,0.0809166666666667,-0.22979166666666653
1248273535,0.07818604651162787,-0.0696976744186047
1248273536,0.07555172413793107,-0.06898275862068959
1248273537,0.07605555555555558,-0.023208333333333275
1248273538,0.07564473684210524,-0.0839473684210526
1248273539,0.07159701492537315,-0.0026119402985074567
1248273540,0.07237500000000005,-0.07089583333333334
1248273541,0.06604761904761902,0.04145238095238098
1248273542,0.0629787234042553,0.05078723404255317
1248273543,0.0689183673469388,-0.11228571428571428
1248273544,0.06013333333333335,0.03611111111111113
1248273545,0.054978260869565206,0.02471739130434784
1248273546,0.06543750000000002,-0.12639583333333346
1248273547,0.06151063829787235,-0.10659574468085108
1248273548,0.06302222222222224,-0.013377777777777775
1248273549,0.06709302325581398,-0.017581395348837216
1248273550,0.06414893617021279,0.004276595744680853
1248273551,0.06700000000000003,-0.009818181818181821
1248273552,0.049571428571428544,0.08232653061224489
1248273553,0.03420454545454544,0.04745454545454546
1248273554,0.03233333333333335,0.0
1248273555,0.03075609756097563,0.0
1248273556,0.028270833333333325,0.0
1248273557,0.02770454545454547,0.0
1248273558,0.0498139534883721,-0.14248837209302326
1248273559,0.0321304347826087,-0.02734782608695652
1248273560,0.027749999999999997,-0.04427272727272727
1248273561,0.02074468085106384,-0.023936170212765957
1248273562,0.014581395348837215,-0.008
1248273563,0.03531999999999997,-0.04386
1248273564,0.04562500000000003,-0.039574999999999985
1248273565,0.035177777777777794,-0.04988888888888888
1248273566,0.05417999999999999,-0.056479999999999995
1248273567,0.06490909090909096,-0.04074999999999999
1248273568,0.01473333333333334,-0.009416666666666665
1248273569,0.06446153846153853,-0.0226923076923077
1248273570,0.0659166666666667,0.010687499999999997
1248273571,0.06775000000000003,-0.029479166666666685
1248273572,0.06698000000000003,-0.12738000000000002
1248273573,0.06690000000000002,-0.09697999999999997
1248273574,0.06409302325581395,-0.010046511627906977
1248273575,0.06756060606060617,-0.027606060606060596
1248273576,0.06710769230769238,0.004184615384615384
1248273577,0.06661643835616442,0.02912328767123286
1248273578,0.06521333333333341,0.003133333333333334
1248273579,0.06618666666666671,0.006186666666666666
1248273580,0.06614864864864872,-0.0007162162162162157
1248273581,0.06617283950617293,0.006962962962962965
1248273582,0.06609459459459469,-0.0017027027027027024
1248273583,0.06582456140350883,0.0032807017543859656
1248273584,0.06700000000000009,-0.00311842105263158
1248273585,0.06609459459459469,0.003999999999999999
1248273586,0.06705633802816907,0.007591549295774652
1248273587,0.06700000000000009,0.0003380281690140841
1248273588,0.06618918918918926,0.015581081081081085
1248273589,0.0660563380281691,-0.0010140845070422543
1248273590,0.06496969696969704,0.004075757575757577
1248273591,0.06511267605633811,-0.0034366197183098583
1248273592,0.06700000000000007,0.004166666666666666
1248273593,0.06516438356164392,0.006972602739726032
1248273594,0.07272972972972976,0.16879729729729728
1248273595,0.07921428571428564,0.32967142857142856
1248273596,0.07266216216216213,0.23812162162162145
1248273597,0.06812500000000007,0.0356875
1248273598,0.06700000000000009,0.0
1248273599,0.06700000000000007,0.0
1248273600,0.06700000000000007,0.0
1248273601,0.06505797101449283,0.0
1248273602,0.06700000000000007,0.0
1248273603,0.06500000000000007,0.0
1248273604,0.06700000000000009,0.0
1248273605,0.07047887323943672,-0.07287323943661972
1248273606,0.07320000000000006,-0.14858666666666662
1248273607,0.06867647058823538,-0.03511764705882353
1248273608,0.07479452054794533,-0.2017260273972602
1248273609,0.06600000000000007,0.0
1248273610,0.07533333333333338,-0.1745614035087719
1248273611,0.06610666666666676,0.0
1248273612,0.07196923076923081,-0.10409230769230768
1248273613,0.07360869565217394,-0.13843478260869563
1248273614,0.07052857142857152,-0.07391428571428572
1248273615,0.06930000000000008,-0.06822857142857144
1248273616,0.07109090909090918,-0.08942424242424242
1248273617,0.06980357142857144,-0.10374999999999998
1248273618,0.06826086956521747,-0.06360869565217392
1248273619,0.06939436619718319,-0.07135211267605632
1248273620,0.07084507042253523,-0.13011267605633803
1248273621,0.06738028169014089,-0.08604225352112674
1248273622,0.06789041095890412,-0.03654794520547944
1248273623,0.0660563380281691,-0.002704225352112676
1248273624,0.06502941176470596,-0.002044117647058824
1248273625,0.06496969696969704,0.0015454545454545476
1248273626,0.06604545454545462,0.004000000000000002
1248273627,0.06578181818181823,-0.0052000000000000015
1248273628,0.06512903225806456,0.016274193548387102
1248273629,0.06496969696969704,0.0026212121212121214
1248273630,0.06700000000000007,0.004784615384615385
1248273631,0.06476666666666672,-0.0042833333333333334
1248273632,0.0660149253731344,-0.004417910447761196
1248273633,0.06700000000000007,0.005712121212121214
1248273634,0.06605970149253738,0.010343283582089559
1248273635,0.06607246376811601,0.004115942028985508
1248273636,0.06625714285714289,-0.008671428571428576
1248273637,0.06530909090909097,-0.0339272727272727
1248273638,0.06609375000000005,0.006109375000000002
1248273639,0.06490000000000004,0.003966666666666665
1248273640,0.0656323529411765,0.02963235294117646
1248273641,0.06615384615384623,0.013000000000000008
1248273642,0.06595312500000007,-0.006062500000000002
1248273643,0.06700000000000007,0.005235294117647061
1248273644,0.06700000000000009,-0.0010714285714285715
1248273645,0.0640149253731344,0.0038208955223880607
1248273646,0.06699999999999999,0.010764705882352944
1248273647,0.050060606060606035,-0.05393939393939394
1248273648,0.06548529411764716,-0.023132352941176458
1248273649,0.06700000000000009,0.0008472222222222222
1248273650,0.06647142857142864,-0.010914285714285715
1248273651,0.0777714285714285,-0.3225142857142857
1248273652,0.07344776119402982,-0.23997014925373134
1248273653,0.06479999999999995,-0.042942857142857144
1248273654,0.0612089552238806,0.0
1248273655,0.05640000000000001,0.0
1248273656,0.05369696969696969,0.0
1248273657,0.051029850746268604,0.0
1248273658,0.04681428571428576,0.0
1248273659,0.04546969696969695,0.0
1248273660,0.04248611111111117,0.0
1248273661,0.05472580645161296,0.0
1248273662,0.07392647058823525,0.25511764705882356
1248273663,0.07463934426229503,0.24214754098360652
1248273664,0.06785483870967748,0.06756451612903226
1248273665,0.06601470588235302,0.0
1248273666,0.06490625000000007,0.0
1248273667,0.06604285714285722,0.0
1248273668,0.06595312500000007,0.0
1248273669,0.06602898550724645,0.0
1248273670,0.06601470588235302,0.0
1248273671,0.06493846153846161,0.0
1248273672,0.07011940298507471,-0.06534328358208957
1248273673,0.0725538461538462,-0.11633846153846152
1248273674,0.07188571428571436,-0.10234285714285712
1248273675,0.06755882352941185,-0.011705882352941177
1248273676,0.07128767123287683,-0.10904109589041093
1248273677,0.07210447761194033,-0.10692537313432834
1248273678,0.0708550724637682,-0.0807536231884058
1248273679,0.06955223880597024,-0.05346268656716419
1248273680,0.07324285714285725,-0.13077142857142854
1248273681,0.07219178082191781,-0.14720547945205475
1248273682,0.06502941176470596,0.0
1248273683,0.0703857142857144,-0.09097142857142856
1248273684,0.07053731343283583,-0.09504477611940297
1248273685,0.0667142857142858,-0.03411428571428572
1248273686,0.05308064516129036,-0.07061290322580646
1248273687,0.06947692307692316,-0.07347692307692309
1248273688,0.06671428571428577,-0.03411428571428572
1248273689,0.06596923076923084,0.0
1248273690,0.07269230769230775,-0.1408307692307692
1248273691,0.07362121212121213,-0.13869696969696968
1248273692,0.06598484848484856,0.0
1248273693,0.06942857142857148,-0.09097142857142856
1248273694,0.06502941176470596,0.0
1248273695,0.07025373134328368,-0.08910447761194029
1248273696,0.07204615384615377,-0.17679999999999998
1248273697,0.07472413793103443,-0.24665517241379312
1248273698,0.06823529411764714,-0.04420588235294117
1248273699,0.06600000000000007,0.0
1248273700,0.06602898550724645,0.0
1248273701,0.06602898550724645,0.0
1248273702,0.06602898550724645,0.0
1248273703,0.06601470588235302,0.0
1248273704,0.07318840579710148,-0.14997101449275357
1248273705,0.0847352941176471,-0.3921470588235292
1248273706,0.0837285714285714,-0.3850857142857142
1248273707,0.07186885245901645,-0.0852786885245901
1248273708,0.07137500000000001,0.17643750000000002
1248273709,0.06700000000000007,0.0
1248273710,0.06598484848484856,0.0
1248273711,0.06700000000000007,0.0
1248273712,0.06700000000000007,0.0
1248273713,0.06596923076923084,0.0
1248273714,0.06929230769230772,-0.06261538461538461
1248273715,0.06947058823529419,-0.13155882352941176
1248273716,0.06919117647058833,-0.07702941176470585
1248273717,0.0664923076923078,-0.027015384615384604
1248273718,0.07418181818181824,-0.2788636363636363
1248273719,0.06852173913043486,-0.11681159420289858
1248273720,0.06700000000000007,0.0
1248273721,0.06604285714285722,0.0
1248273722,0.06493846153846161,0.0
1248273723,0.06502941176470596,0.0
1248273724,0.07052941176470584,0.10400000000000002
1248273725,0.07304687500000002,0.15267187500000004
1248273726,0.07092424242424251,0.09416666666666665
1248273727,0.07186153846153849,0.17643076923076922
1248273728,0.06647058823529403,0.05925
1248273729,0.06784507042253529,0.03909859154929574
1248273730,0.06501538461538468,0.012861538461538468
1248273731,0.06701515151515158,0.011348484848484854
1248273732,0.06598484848484856,0.007954545454545459
1248273733,0.06495312500000004,0.007296875000000003
1248273734,0.06656060606060608,0.02340909090909091
1248273735,0.06548387096774202,0.03366129032258061
1248273736,0.06603125000000006,0.008500000000000004
1248273737,0.06595312500000007,0.0032343750000000003
1248273738,0.06498461538461543,0.007384615384615388
1248273739,0.0698142857142857,0.1264714285714286
1248273740,0.06861818181818188,0.05427272727272727
1248273741,0.06402222222222224,0.0
1248273742,0.0656041666666667,0.0
1248273743,0.06688000000000004,-0.08986
1248273744,0.06501694915254247,-0.012389830508474578
1248273745,0.06721212121212125,0.016424242424242428
1248273746,0.06502941176470596,0.006926470588235297
1248273747,0.07550769230769232,-0.27904615384615383
1248273748,0.07247692307692302,-0.23919999999999997
1248273749,0.06825373134328366,-0.04482089552238806
1248273750,0.06600000000000007,0.0
1248273751,0.06700000000000007,0.0
1248273752,0.06602898550724645,0.0
1248273753,0.06700000000000007,0.0
1248273754,0.06600000000000007,0.0
1248273755,0.06483870967741942,0.0
1248273756,0.0702500000000001,0.11475000000000005
1248273757,0.07159677419354848,0.09870967741935487
1248273758,0.06857575757575766,0.05563636363636363
1248273759,0.07579104477611942,0.18877611940298505
1248273760,0.06495312499999997,0.0
1248273761,0.07207812499999998,0.15300000000000002
1248273762,0.06444776119402981,0.05835820895522388
1248273763,0.06121052631578943,0.0412280701754386
