Time,Subject,Range,Bearing
1248272276,13,2.717,-0.158
1248272277,13,2.619,-0.161
1248272277,9,4.8455,0.4015
1248272278,13,2.566,-0.17
1248272278,9,4.784249999999999,0.40875
1248272278,6,8.293,0.065
1248272279,13,2.5055,-0.0905
1248272279,17,4.422,0.24
1248272279,9,4.492,0.5005
1248272279,6,8.293,0.149
1248272280,13,2.447,-0.079
1248272280,8,6.009,0.432
1248272280,9,4.492,0.497
1248272281,13,2.393,0.005
1248272281,12,3.9405,-0.083
1248272281,8,6.074,0.437
1248272281,17,4.1875,0.3355
1248272282,13,2.3454,0.0224
1248272282,12,3.935,-0.0638
1248272282,8,6.009,0.437
1248272282,17,4.133,0.35500000000000004
1248272282,6,7.834,0.241
1248272283,13,2.266,0.09666666666666668
1248272283,12,3.865,0.009666666666666665
1248272283,7,7.5235,0.4165
1248272283,17,3.925333333333333,0.4326666666666667
1248272283,6,7.646000000000001,0.3313333333333333
1248272284,13,2.183333333333333,0.14433333333333334
1248272284,12,3.779,0.0535
1248272284,7,7.234,0.507
1248272284,17,3.729,0.509
1248272284,6,7.329000000000001,0.415
1248272285,13,2.1195,0.192
1248272285,12,3.759,0.097
1248272285,7,7.203666666666666,0.5106666666666667
1248272285,6,7.309666666666666,0.41966666666666663
1248272286,13,2.062,0.216
1248272286,6,7.143,0.459
1248272287,13,1.9020000000000001,0.3095
1248272287,12,3.551,0.2
1248272288,13,1.804,0.3965
1248272289,13,1.643,0.5
1248272289,12,3.314,0.302
1248272290,13,1.5967500000000001,0.5045
1248272291,13,1.564,0.511
1248272291,12,2.958,0.4803333333333333
1248272292,15,2.218,-0.559
1248272292,12,2.9066666666666663,0.49099999999999994
1248272293,15,2.205,-0.544
1248272294,15,2.2114,-0.49479999999999996
1248272295,15,2.19325,-0.45925
1248272296,15,2.1943333333333332,-0.40166666666666667
1248272297,15,2.1454999999999997,-0.37899999999999995
1248272298,15,2.1225,-0.33675
1248272299,15,2.11575,-0.26175000000000004
1248272300,15,2.0603333333333333,-0.24
1248272301,15,2.02875,-0.186
1248272302,15,1.988,-0.1495
1248272303,15,1.9640000000000002,-0.10533333333333333
1248272304,15,1.8955,-0.07575000000000001
1248272305,15,1.84775,-0.022500000000000003
1248272306,15,1.793,0.012249999999999999
1248272307,15,1.7328,0.0354
1248272308,15,1.6816666666666666,-0.11299999999999999
1248272309,15,1.6163333333333334,-0.2603333333333333
1248272310,15,1.568,-0.31375000000000003
1248272311,15,1.5607499999999999,-0.31
1248272312,15,1.531,-0.31825000000000003
1248272313,15,1.5005,-0.3205
1248272314,15,1.5342500000000001,-0.105
1248272315,15,1.484,0.3135
1248272316,15,1.48075,0.33075
1248272317,15,1.52825,0.16749999999999998
1248272318,15,1.4514999999999998,-0.3165
1248272319,15,1.281,-0.558
1248272320,12,2.3920000000000003,0.48
1248272321,17,3.307,0.504
1248272321,6,6.8015,0.33499999999999996
1248272322,13,1.3719999999999999,0.33075
1248272322,12,2.4010000000000002,-0.329
1248272322,17,3.6630000000000003,0.13200000000000003
1248272322,6,6.883,-0.295
1248272323,13,1.353,-0.202
1248272323,17,3.454,-0.29325
1248272325,10,5.9775,-0.19
1248272326,10,5.884,-0.20766666666666667
1248272327,10,5.884,-0.231
1248272328,10,5.715,-0.312
1248272329,10,5.765,-0.305
1248272330,10,5.65,-0.309
1248272335,14,2.165,0.383
1248272336,8,4.961,-0.482
1248272339,10,5.504666666666666,0.19766666666666666
1248272340,14,1.847,0.432
1248272341,10,5.236,-0.23249999999999998
1248272341,14,1.89,0.371
1248272342,10,5.0945,-0.3275
1248272343,10,5.04925,-0.32225000000000004
1248272343,14,1.812,0.257
1248272344,10,4.953,-0.3285
1248272345,10,4.918,-0.331
1248272345,14,1.704,0.2675
1248272346,10,4.835,-0.34199999999999997
1248272346,14,1.617,0.275
1248272350,11,3.226,0.485
1248272351,11,3.478,0.22974999999999998
1248272351,16,1.965,0.419
1248272352,11,3.547,-0.114
1248272352,16,2.066666666666667,0.18800000000000003
1248272353,16,2.0433333333333334,-0.125
1248272354,19,5.584,-0.09666666666666668
1248272354,18,5.109666666666667,-0.4223333333333333
1248272354,20,3.8040000000000003,-0.187
1248272354,16,1.8385,-0.3875
1248272355,19,5.54,-0.084
1248272355,20,3.779,-0.175
1248272355,16,1.7999999999999998,-0.383
1248272356,19,5.487,-0.10250000000000001
1248272356,20,3.624,-0.192
1248272356,16,1.693,-0.411
1248272357,16,1.6265,-0.4375
1248272358,19,5.332,-0.12
1248272358,20,3.482,-0.222
1248272358,16,1.568,-0.46199999999999997
1248272359,19,5.234,-0.122
1248272359,20,3.4485,-0.225
1248272359,16,1.446,-0.497
1248272360,19,5.14,-0.131
1248272360,18,4.616,-0.47733333333333333
1248272360,20,3.358,-0.237
1248272360,16,1.4045,-0.5115000000000001
1248272361,19,5.049,-0.133
1248272361,18,4.492,-0.51
1248272361,20,3.319,-0.235
1248272362,19,4.961,-0.151
1248272362,20,3.19,-0.255
1248272362,16,1.258,-0.559
1248272363,20,3.087,-0.267
1248272364,20,3.022,-0.305
1248272365,15,1.7850000000000001,0.45366666666666666
1248272366,15,1.82025,0.34225
1248272367,15,1.76,0.3453333333333333
1248272368,15,1.7,0.35633333333333334
1248272369,15,1.6126666666666667,0.3753333333333333
1248272370,15,1.549,0.39
1248272371,15,1.4729999999999999,0.4126
1248272372,15,1.407,0.425
1248272373,15,1.3476666666666668,0.44533333333333336
1248272374,15,1.2536666666666667,0.4793333333333334
1248272376,19,3.6635,-0.49975
1248272377,19,3.67,-0.4675
1248272378,19,3.7199999999999998,-0.39549999999999996
1248272380,19,3.729,-0.294
1248272380,20,1.966,-0.5536666666666668
1248272381,19,3.729,-0.2705
1248272381,20,1.934,-0.552
1248272382,19,3.612,-0.27949999999999997
1248272383,19,3.567,-0.291
1248272383,20,1.832,-0.561
1248272384,19,3.5156666666666663,-0.288
1248272385,19,3.44775,-0.28724999999999995
1248272386,19,3.429,-0.28375
1248272387,19,3.358,-0.2865
1248272388,19,3.325333333333333,-0.29633333333333334
1248272389,19,3.2847999999999997,-0.294
1248272390,19,3.12,-0.363
1248272392,19,2.9605,-0.4635
1248272393,19,2.843,-0.488
1248272394,19,2.7192499999999997,-0.529
1248272424,6,7.234,0.503
1248272425,7,7.623,0.486
1248272425,6,7.188333333333333,0.4983333333333333
1248272426,7,7.623,0.4835
1248272426,6,7.424,0.374
1248272427,7,7.834,0.409
1248272427,6,7.424,0.352
1248272429,12,3.159,0.495
1248272429,7,7.834,0.322
1248272429,8,6.564,0.446
1248272430,12,3.149,0.4945
1248272430,8,6.57175,0.44875000000000004
1248272430,6,7.834,0.175
1248272431,12,3.1305,0.495
1248272431,8,6.595,0.449
1248272432,12,3.156333333333334,0.4306666666666667
1248272432,8,6.72,0.37
1248272432,6,7.834,0.1
1248272433,12,3.173,0.39449999999999996
1248272433,8,6.6905,0.3375
1248272433,17,4.629,0.469
1248272433,6,7.623,0.096
1248272434,12,3.196,0.28
1248272434,17,4.7175,0.394
1248272434,9,5.765,0.464
1248272434,6,7.424,-0.074
1248272435,12,3.171333333333333,0.2813333333333334
1248272435,8,6.883,0.21
1248272435,17,4.71,0.39075
1248272435,9,5.678749999999999,0.46325
1248272435,6,7.448,-0.0795
1248272436,17,4.794,0.31
1248272437,10,7.234,0.457
1248272437,17,4.7763333333333335,0.2823333333333333
1248272437,9,5.8245000000000005,0.344
1248272437,6,7.144,-0.2165
1248272438,7,7.623,-0.191
1248272438,10,7.144,0.4635
1248272438,17,4.747333333333333,0.23566666666666666
1248272438,9,5.884,0.306
1248272438,6,7.054,-0.2625
1248272439,10,7.424,0.395
1248272439,17,4.754,0.1625
1248272440,12,2.991,0.049
1248272440,10,7.234,0.387
1248272441,13,2.684,0.5
1248272441,10,7.424,0.309
1248272441,8,6.416,-0.207
1248272442,13,2.735,0.436
1248272442,12,2.815,-0.121
1248272443,12,2.709,-0.207
1248272443,17,4.431,-0.086
1248272444,8,6.009,-0.299
1248272444,14,4.104,0.469
1248272445,14,4.140499999999999,0.4295
1248272446,17,4.178,-0.261
1248272446,14,4.17,0.396
1248272447,9,5.434,-0.27
1248272447,14,4.226,0.3215
1248272448,17,3.9109999999999996,-0.3805
1248272448,9,5.332,-0.269
1248272448,14,4.226,0.319
1248272449,17,3.729,-0.461
1248272450,17,3.567,-0.543
1248272451,10,6.883,-0.282
1248272451,17,3.473,-0.56
1248272451,9,4.794,-0.469
1248272452,10,7.054,-0.281
1248272452,9,4.794,-0.479
1248272453,9,4.492,-0.559
1248272454,10,6.274,-0.457
1248272455,13,2.2135,-0.214
1248272455,14,4.046,0.002
1248272456,13,2.162333333333333,-0.23466666666666666
1248272456,14,3.99,-0.084
1248272457,13,2.0946666666666665,-0.291
1248272457,14,3.9646666666666666,-0.083
1248272458,13,2.069,-0.294
1248272458,14,3.9530000000000003,-0.075
1248272459,14,3.829,-0.1775
1248272460,14,3.829,-0.17149999999999999
1248272461,14,3.779,-0.165
1248272462,14,3.729,-0.237
1248272463,14,3.5955,-0.2925
1248272464,14,3.593,-0.296
1248272466,9,4.757,-0.2325
1248272467,12,1.804,-0.423
1248272467,10,6.416,0.241
1248272467,9,4.876,-0.028666666666666663
1248272468,10,6.416,0.269
1248272468,9,4.876,0.048
1248272469,7,5.884,-0.529
1248272469,17,3.4595000000000002,-0.0595
1248272469,9,4.767333333333333,0.064
1248272471,17,3.319,-0.06
1248272473,17,3.054,0.231
1248272473,9,4.271666666666666,0.27899999999999997
1248272474,17,2.931,0.34550000000000003
1248272474,9,3.8795,0.48050000000000004
1248272474,6,5.884,-0.279
1248272475,17,2.829,0.389
1248272476,17,2.7525000000000004,0.3975
1248272476,6,5.836,-0.17
1248272477,12,1.306,-0.036
1248272477,17,2.7027500000000004,0.4015
1248272477,9,3.771,0.46
1248272477,6,5.65,-0.267
1248272478,12,1.1440000000000001,-0.431
1248272478,9,3.881,0.39
1248272478,6,5.434,-0.352
1248272479,17,2.735,-0.204
1248272481,10,5.765,-0.179
1248272481,9,3.551,-0.436
1248272482,9,3.7375,-0.2325
1248272483,10,5.65,0.177
1248272483,9,3.829,-0.115
1248272484,10,5.234,0.387
1248272484,8,4.422,-0.269
1248272484,17,2.4785,-0.042
1248272484,9,3.754,0.132
1248272485,7,5.14,-0.539
1248272485,10,5.289666666666666,0.33
1248272485,8,4.2725,-0.3175
1248272485,17,2.3853333333333335,-0.09133333333333334
1248272485,9,3.6525,0.11399999999999999
1248272486,17,2.229,-0.284
1248272486,9,3.584,-0.095
1248272487,17,2.1615,-0.3335
1248272487,9,3.5374999999999996,-0.1425
1248272488,10,5.332,0.11633333333333333
1248272488,17,2.0625,-0.3475
1248272488,9,3.4086666666666665,-0.15366666666666665
1248272489,10,5.234,0.117
1248272489,17,2.02,-0.356
1248272489,9,3.34,-0.16433333333333333
1248272490,10,5.14,0.122
1248272490,17,1.916,-0.378
1248272490,9,3.27,-0.1545
1248272491,17,1.831,-0.39
1248272491,9,3.181,-0.167
1248272492,17,1.78,-0.399
1248272492,9,3.1366666666666667,-0.164
1248272493,17,1.757,-0.402
1248272493,9,3.09,-0.168
1248272494,10,4.961,0.117
1248272494,17,1.696,-0.416
1248272494,9,2.9290000000000003,-0.23700000000000002
1248272496,10,4.794,-0.06466666666666666
1248272496,9,2.589,-0.456
1248272497,10,4.714,-0.153
1248272497,9,2.593,-0.416
1248272498,17,1.529,-0.36250000000000004
1248272498,9,2.8175,-0.031999999999999994
1248272499,10,4.206333333333333,0.47633333333333333
1248272499,17,1.6125,-0.16549999999999998
1248272499,9,2.815,0.159
1248272500,10,4.534666666666666,0.30266666666666664
1248272500,9,2.856,0.011000000000000003
1248272501,10,4.445333333333333,0.35666666666666663
1248272501,8,3.516,-0.43
1248272501,17,1.5895000000000001,-0.246
1248272501,9,2.848,0.0345
1248272502,10,4.70125,0.16199999999999998
1248272502,17,1.4797500000000001,-0.46025
1248272502,9,2.8092499999999996,-0.1555
1248272503,10,4.688666666666667,0.17266666666666666
1248272503,8,3.3,-0.563
1248272503,17,1.4853333333333334,-0.45166666666666666
1248272503,9,2.8040000000000003,-0.149
1248272504,10,4.706333333333334,0.16033333333333333
1248272504,17,1.4829999999999999,-0.4623333333333333
1248272504,9,2.7932499999999996,-0.183
1248272505,10,4.740666666666667,0.09566666666666668
1248272505,9,2.77,-0.229
1248272506,9,2.703,-0.299
1248272507,10,4.433,-0.324
1248272508,10,4.4325,-0.30400000000000005
1248272509,10,4.2885,-0.36250000000000004
1248272511,10,4.070499999999999,-0.4475
1248272512,10,3.884,-0.535
1248272512,14,1.91,0.49
1248272513,14,1.942,0.455
1248272514,14,1.9296666666666666,0.35733333333333334
1248272515,14,1.895,0.373
1248272516,14,1.896,0.279
1248272518,14,1.747,0.372
1248272519,14,1.6686666666666667,0.4763333333333333
1248272520,14,1.761,0.352
1248272521,14,1.8275000000000001,0.23049999999999998
1248272522,10,3.8325,-0.44399999999999995
1248272523,10,4.0760000000000005,-0.28750000000000003
1248272524,10,4.1693999999999996,-0.18039999999999998
1248272525,10,4.247333333333333,-0.09633333333333334
1248272526,10,4.248333333333334,-0.10100000000000002
1248272527,10,4.226,-0.103
1248272527,9,2.311,-0.4125
1248272528,9,2.39325,-0.31325000000000003
1248272529,10,4.297666666666666,0.04633333333333334
1248272529,9,2.4234999999999998,-0.281
1248272530,10,4.104,0.312
1248272530,9,2.474,-0.191
1248272531,10,4.1365,0.27449999999999997
1248272531,9,2.495,-0.13566666666666669
1248272532,10,3.9496,0.398
1248272532,17,1.3443333333333334,-0.47600000000000003
1248272532,9,2.5255,0.0075
1248272533,10,4.1240000000000006,0.296
1248272534,10,4.085,0.282
1248272534,9,2.4455,-0.2155
1248272535,17,1.326,-0.431
1248272536,8,3.658,-0.128
1248272536,17,1.385,-0.23466666666666666
1248272536,9,2.299,0.337
1248272537,7,5.035,-0.321
1248272537,17,1.397,-0.141
1248272537,9,2.221666666666667,0.37600000000000006
1248272537,6,4.527,-0.471
1248272538,7,4.992,-0.322
1248272538,8,3.545,-0.097
1248272538,17,1.291,-0.147
1248272538,9,2.1630000000000003,0.383
1248272538,6,4.465,-0.485
1248272539,7,4.809,-0.391
1248272539,8,3.4763333333333333,-0.1426666666666667
1248272539,17,1.2400000000000002,-0.21175
1248272539,9,2.158,0.33666666666666667
1248272539,6,4.323666666666666,-0.5376666666666667
1248272540,7,4.961,-0.282
1248272540,8,3.473,-0.033
1248272540,17,1.205,-0.138
1248272540,9,2.016,0.443
1248272540,6,4.501,-0.43
1248272541,6,4.422,-0.454
1248272542,7,4.851333333333334,-0.3006666666666667
1248272542,8,3.3800000000000003,-0.04766666666666667
1248272542,17,1.112,-0.1386666666666667
1248272542,9,1.9376666666666669,0.4493333333333333
1248272542,6,4.3773333333333335,-0.4563333333333333
1248272543,7,4.948666666666667,-0.20966666666666667
1248272543,8,3.382,0.03366666666666667
1248272543,17,1.1115,-0.0525
1248272543,9,1.864,0.509
1248272543,6,4.5,-0.38
1248272544,8,3.3625000000000003,0.1305
1248272544,17,1.1115,0.04825
1248272545,7,4.564,0.464
1248272545,17,1.041,0.369
1248272545,6,4.5953333333333335,0.3456666666666666
1248272546,12,1.2825,-0.44899999999999995
1248272547,12,1.3505,-0.16975
1248272548,12,1.30425,0.19625
1248272549,15,3.4600000000000004,-0.30425
1248272549,12,1.1675,0.45399999999999996
1248272550,13,1.067,-0.268
1248272550,15,3.5896666666666666,0.10566666666666667
1248272550,16,3.403,-0.459
1248272551,13,1.0579999999999998,-0.069
1248272551,15,3.2955,0.396
1248272551,11,4.9635,-0.32899999999999996
1248272551,16,3.6823333333333337,-0.13933333333333334
1248272552,19,6.72,0.346
1248272552,13,1.022,0.145
1248272552,11,5.0845,-0.225
1248272552,20,5.315666666666666,0.239
1248272552,16,3.7129999999999996,0.041666666666666664
1248272553,19,6.72,0.3235
1248272553,13,0.972,0.139
1248272553,11,4.9830000000000005,-0.256
1248272553,20,5.332,0.22266666666666668
1248272553,16,3.648,0.018
1248272554,11,5.049,0.006
1248272554,16,3.406,0.279
1248272555,11,4.9262500000000005,0.21650000000000003
1248272555,14,1.741,-0.508
1248272555,16,3.2275,0.40800000000000003
1248272556,11,4.581666666666667,0.43166666666666664
1248272556,14,1.8235000000000001,-0.387
1248272557,14,1.8156666666666668,-0.24433333333333332
1248272558,14,1.7426666666666666,-0.261
1248272559,14,1.6946666666666665,-0.2613333333333333
1248272560,14,1.624,-0.258
1248272561,14,1.5514999999999999,-0.28200000000000003
1248272562,14,1.434,-0.387
1248272563,11,4.0845,0.4615
1248272563,14,1.3075,-0.479
1248272564,11,4.226999999999999,0.3742
1248272565,11,4.289,0.29100000000000004
1248272566,11,4.313,0.21033333333333334
1248272567,11,4.334666666666667,0.11833333333333333
1248272567,16,2.6265,0.472
1248272568,11,4.30025,0.012750000000000001
1248272568,16,2.6952499999999997,0.392
1248272569,11,4.19375,-0.07675
1248272569,18,6.2065,0.28700000000000003
1248272569,20,4.247333333333333,0.4626666666666666
1248272569,16,2.702666666666667,0.311
1248272570,11,3.9905,-0.20900000000000002
1248272570,16,2.709,0.199
1248272571,11,3.858333333333333,-0.2976666666666667
1248272571,18,6.274,0.082
1248272571,20,4.492,0.286
1248272571,16,2.6605,0.10950000000000001
1248272572,11,3.702,-0.3785
1248272572,18,6.139,-0.019
1248272572,20,4.564,0.187
1248272572,16,2.617,0.03
1248272573,11,3.5315000000000003,-0.457
1248272573,18,6.139,-0.062
1248272573,20,4.564,0.148
1248272573,16,2.546333333333333,-0.035333333333333335
1248272574,18,5.971,-0.136
1248272574,16,2.4563333333333333,-0.09066666666666667
1248272576,18,5.8245000000000005,-0.149
1248272576,16,2.301,-0.103
1248272577,18,5.765,-0.1675
1248272577,16,2.233,-0.11633333333333333
1248272578,18,5.65,-0.1755
1248272578,16,2.1336666666666666,-0.12866666666666668
1248272579,18,5.54,-0.171
1248272579,16,2.107,-0.127
1248272580,18,5.54,-0.188
1248272581,19,5.54,0.124
1248272582,16,1.8393333333333333,-0.169
1248272583,16,1.792,-0.175
1248272586,15,2.118,0.486
1248272587,15,2.2666,0.28759999999999997
1248272588,15,2.31875,0.08775000000000001
1248272589,15,2.2647500000000003,0.06725
1248272590,15,2.21125,0.0665
1248272591,15,2.1515,0.0745
1248272592,15,2.11975,0.08075
1248272593,15,2.07725,0.07625
1248272594,15,2.0242,0.078
1248272595,15,1.977,0.08925
1248272596,15,1.9425,0.1615
1248272597,15,1.86225,0.23375
1248272598,15,1.7468,0.3574
1248272599,15,1.6626666666666665,0.43333333333333335
1248272600,19,4.355,-0.373
1248272600,15,1.5873333333333333,0.4836666666666667
1248272601,19,4.3885000000000005,-0.374
1248272601,15,1.5499999999999998,0.5105
1248272601,20,2.689,-0.47750000000000004
1248272602,19,4.457,-0.28200000000000003
1248272602,20,2.734,-0.402
1248272603,19,4.576,-0.115
1248272603,18,4.217,-0.484
1248272603,20,2.8520000000000003,-0.22650000000000003
1248272604,18,4.564,-0.267
1248272604,20,2.9,-0.0955
1248272605,18,4.564,-0.222
1248272606,20,2.7744999999999997,-0.0255
1248272607,18,4.3885000000000005,-0.262
1248272608,18,4.226,-0.291
1248272608,20,2.5665,-0.0895
1248272609,20,2.497,-0.19
1248272610,19,4.1080000000000005,-0.1595
1248272610,20,2.3685,-0.3295
1248272611,19,4.084333333333333,-0.15766666666666665
1248272611,20,2.317,-0.341
1248272612,19,4.032,-0.15775
1248272612,20,2.28,-0.34366666666666673
1248272613,19,4.0216666666666665,-0.164
1248272613,20,2.254,-0.3516666666666666
1248272614,19,3.971666666666667,-0.162
1248272614,20,2.235,-0.358
1248272615,19,3.939,-0.16266666666666665
1248272615,20,2.172,-0.36
1248272616,19,3.9215,-0.16599999999999998
1248272616,20,2.115,-0.377
1248272617,20,2.1046666666666667,-0.36633333333333334
1248272618,19,3.829,-0.164
1248272618,20,2.0893333333333333,-0.37233333333333335
1248272619,19,3.829,-0.158
1248272619,20,2.045,-0.3826666666666667
1248272620,20,2.0016666666666665,-0.38433333333333336
1248272621,20,1.9380000000000002,-0.40449999999999997
1248272623,15,1.157,0.457
1248272624,15,1.21825,0.25775000000000003
1248272625,15,1.1788,-0.1474
1248272626,15,1.047,-0.449
1248272626,12,3.18,0.397
1248272626,6,7.113,0.496
1248272627,13,2.109,0.489
1248272627,12,3.284,0.316
1248272627,17,4.226,0.449
1248272628,13,2.215,0.372
1248272628,12,3.262,-0.228
1248272629,12,2.9,-0.523
1248272629,8,6.416,-0.306
1248272629,17,4.493,-0.161
1248272629,6,6.76,-0.557
1248272630,12,2.871,-0.476
1248272630,8,6.274,-0.324
1248272630,17,4.322,-0.276
1248272630,9,5.54,-0.084
1248272630,14,3.054,0.424
1248272631,12,2.9665,-0.368
1248272631,7,7.834,-0.285
1248272631,10,6.139,0.495
1248272631,9,5.434,0.171
1248272631,6,7.234,-0.373
1248272632,12,2.9875,-0.261
1248272632,9,5.186999999999999,0.2905
1248272632,6,7.489,-0.215
1248272633,12,2.9535,-0.2675
1248272633,7,7.834,-0.127
1248272633,8,6.564,0.054
1248272633,17,4.322,0.108
1248272633,9,5.14,0.2893333333333333
1248272633,6,7.424,-0.213
1248272634,17,4.21,0.104
1248272634,9,5.05,0.2973333333333333
1248272635,8,6.416,0.058
1248272635,17,4.226,0.117
1248272635,9,5.005000000000001,0.29474999999999996
1248272635,6,7.3045,-0.222
1248272636,8,6.274,0.061
1248272636,17,4.022,0.117
1248272636,9,4.918500000000001,0.30575
1248272636,6,7.234,-0.215
1248272637,12,2.588,-0.338
1248272637,7,7.623,-0.128
1248272637,9,4.821,0.316
1248272637,6,7.234,-0.217
1248272638,10,5.7075,0.499
1248272638,9,4.961,0.237
1248272638,6,6.9565,-0.321
1248272639,10,5.767,0.46199999999999997
1248272639,8,6.009,-0.104
1248272639,17,3.881,-0.035
1248272640,12,2.289,-0.497
1248272640,10,5.952,0.363
1248272640,8,5.884,-0.239
1248272641,7,6.883,-0.451
1248272641,17,3.635,-0.206
1248272642,10,6.139,0.239
1248272643,17,3.427,-0.285
1248272644,13,1.158,-0.369
1248272644,17,3.2640000000000002,-0.3755
1248272644,14,2.395,0.43
1248272645,10,5.434,-0.452
1248272647,14,2.387,-0.242
1248272648,14,2.272,-0.253
1248272649,14,2.197,-0.261
1248272650,14,2.133,-0.26633333333333337
1248272651,14,2.092,-0.268
1248272652,14,2.008,-0.287
1248272654,14,1.871,-0.303
1248272655,14,1.8463333333333336,-0.22766666666666668
1248272656,14,1.812,-0.242
1248272658,10,5.0624,-0.32799999999999996
1248272659,10,5.0725,-0.32725
1248272660,10,4.990333333333334,-0.3363333333333334
1248272661,10,4.990333333333334,-0.338
1248272662,10,4.96875,-0.338
1248272663,10,4.9465,-0.33975
1248272664,10,4.91,-0.3398
1248272665,10,4.877250000000001,-0.34349999999999997
1248272666,10,4.858666666666667,-0.3456666666666666
1248272667,10,4.85975,-0.34375
1248272668,10,4.904333333333334,-0.26133333333333336
1248272669,10,4.876,-0.217
1248272670,10,4.961,-0.16933333333333334
1248272670,14,1.335,0.345
1248272671,10,4.909,-0.166
1248272672,10,4.884,-0.082
1248272673,10,4.876,-0.015
1248272673,9,3.226,-0.456
1248272674,10,4.835,0.0315
1248272674,9,3.3,-0.381
1248272675,10,4.794,0.097
1248272675,9,3.269,-0.361
1248272676,10,4.6665,0.15999999999999998
1248272676,8,4.164,-0.552
1248272676,9,3.258,-0.291
1248272677,10,4.638,0.194
1248272677,8,4.176500000000001,-0.5425
1248272677,9,3.206,-0.281
1248272678,10,4.492,0.225
1248272678,8,4.165,-0.5285
1248272678,9,3.184,-0.2595
1248272679,10,4.355,0.244
1248272679,8,4.104,-0.518
1248272679,9,3.09,-0.251
1248272680,10,4.269,0.239
1248272680,8,4.046,-0.5345
1248272680,9,2.998,-0.264
1248272681,10,4.2545,0.25
1248272681,8,4.0,-0.538
1248272681,9,2.98,-0.2635
1248272682,10,4.1385000000000005,0.2445
1248272682,9,2.884,-0.2765
1248272683,10,4.104,0.247
1248272684,10,4.018750000000001,0.252
1248272684,9,2.761,-0.286
1248272685,10,3.943,0.26
1248272685,9,2.723,-0.29
1248272686,10,3.893,0.26
1248272686,9,2.644,-0.293
1248272687,10,3.8105,0.29250000000000004
1248272687,9,2.619,-0.253
1248272688,10,3.644,0.364
1248272688,8,3.779,-0.505
1248272689,10,3.5543333333333336,0.393
1248272689,9,2.5164999999999997,-0.189
1248272690,10,3.492,0.40675
1248272690,9,2.45,-0.187
1248272691,10,3.407,0.4266666666666667
1248272692,10,3.26875,0.45475
1248272692,8,3.589,-0.456
1248272692,9,2.3165,-0.16949999999999998
1248272693,10,3.2045000000000003,0.462
1248272693,8,3.495,-0.466
1248272693,9,2.249,-0.175
1248272694,10,3.12,0.489
1248272695,10,3.022,0.507
1248272695,8,3.384,-0.452
1248272695,9,2.1126666666666667,-0.13633333333333333
1248272696,8,3.3165,-0.4425
1248272696,9,2.0315000000000003,-0.12975
1248272697,8,3.24475,-0.46799999999999997
1248272697,9,1.9433333333333334,-0.154
1248272698,8,3.209,-0.447
1248272698,9,1.892,-0.123
1248272699,7,4.638,-0.56
1248272699,8,3.202666666666667,-0.4226666666666667
1248272700,7,5.0504999999999995,-0.326
1248272700,8,3.4,-0.113
1248272700,9,1.7395,0.116
1248272700,6,4.807,-0.399
1248272701,7,5.332,-0.013499999999999998
1248272701,8,3.3510000000000004,0.15433333333333332
1248272701,17,1.348,-0.4086666666666667
1248272701,9,1.5685,0.4205
1248272701,6,5.15175,-0.163
1248272702,7,5.16625,-0.10925
1248272702,8,3.3296666666666668,0.04033333333333334
1248272702,17,1.294,-0.4505
1248272702,9,1.5620000000000003,0.35975
1248272702,6,4.9775,-0.26025
1248272703,7,4.78675,-0.39
1248272703,8,3.16625,-0.24575000000000002
1248272703,9,1.6085,0.10475000000000001
1248272703,6,4.464666666666667,-0.512
1248272704,7,4.422,-0.534
1248272704,8,2.9299999999999997,-0.4225
1248272704,9,1.56,-0.062
1248272705,8,2.7814999999999994,-0.49775
1248272705,9,1.458,-0.1395
1248272706,8,2.718,-0.506
1248272706,9,1.401,-0.145
1248272707,8,2.657,-0.515
1248272707,9,1.339,-0.156
1248272708,8,2.5743333333333336,-0.529
1248272709,10,2.408,0.493
1248272709,8,2.522,-0.54
1248272709,9,1.1743333333333332,-0.22266666666666665
1248272710,10,2.618,0.249
1248272711,10,2.635,0.019
1248272712,10,2.542,-0.069
1248272713,10,2.4805,-0.0685
1248272714,10,2.401,-0.071
1248272715,10,2.357,-0.068
1248272716,10,2.2495,-0.0725
1248272717,10,2.2,-0.07100000000000001
1248272718,10,2.1396666666666664,-0.07566666666666666
1248272720,10,1.999,0.006
1248272721,10,1.932,0.05
1248272722,10,1.877,0.09
1248272724,10,1.736,0.14766666666666664
1248272725,10,1.6695,0.149
1248272726,10,1.561,0.193
1248272727,10,1.491,0.233
1248272728,10,1.4045,0.259
1248272729,10,1.3219999999999998,0.2893333333333333
1248272730,10,1.241,0.319
1248272731,10,1.1445,0.3805
1248272732,10,1.049,0.437
1248272733,10,1.0225,0.47550000000000003
1248272744,7,3.796,-0.494
1248272745,7,4.09675,-0.26525
1248272745,8,2.1746666666666665,-0.4373333333333333
1248272745,6,4.219333333333334,-0.3806666666666667
1248272746,7,4.223,0.1085
1248272746,8,2.33425,-0.10775000000000001
1248272746,6,4.483,-0.1415
1248272747,7,3.891,0.3905
1248272747,8,2.239666666666667,0.247
1248272747,9,0.987,-0.539
1248272748,7,3.706,0.472
1248272748,8,2.1156666666666664,0.37399999999999994
1248272748,9,0.991,-0.489
1248272748,6,4.023,0.4495
1248272749,7,3.9321999999999995,0.28159999999999996
1248272749,6,4.349333333333334,0.13733333333333334
1248272750,7,3.9873333333333334,0.15833333333333333
1248272750,6,4.3340000000000005,-0.011999999999999999
1248272751,7,3.9203333333333332,0.16366666666666665
1248272751,8,2.045666666666667,-0.051
1248272751,6,4.252,-0.009666666666666665
1248272752,7,3.862,0.1675
1248272752,8,2.0013333333333336,-0.05399999999999999
1248272752,6,4.2105,-0.01
1248272753,7,3.7906666666666666,0.167
1248272753,8,1.9425,-0.049499999999999995
1248272753,6,4.127666666666666,-0.008666666666666666
1248272754,7,3.72325,0.175
1248272754,6,3.995,-0.007
1248272755,7,3.6755,0.17425000000000002
1248272755,6,4.0040000000000004,-0.013666666666666667
1248272756,7,3.6100000000000003,0.18124999999999997
1248272756,6,3.881,-0.001
1248272757,7,3.5656666666666665,0.18266666666666667
1248272757,6,3.881,-0.006
1248272758,7,3.42,0.2655
1248272758,8,1.6355,0.0235
1248272759,7,3.271,0.33625
1248272759,6,3.779,0.093
1248272760,7,3.1125,0.41700000000000004
1248272760,6,3.553,0.254
1248272761,7,3.007,0.457
1248272761,8,1.405,0.197
1248272761,6,3.399,0.347
1248272762,8,1.249,0.372
1248272762,6,3.3480000000000003,0.357
1248272763,8,1.1906666666666668,0.417
1248272764,8,1.089,0.498
1248272769,12,3.0465,-0.5302500000000001
1248272770,12,3.10625,-0.46925
1248272771,12,3.1204,-0.398
1248272772,12,3.1430000000000002,-0.3133333333333333
1248272773,12,3.144,-0.23933333333333331
1248272773,17,1.352,-0.557
1248272774,12,3.1413333333333333,-0.17433333333333334
1248272774,17,1.397,-0.4
1248272775,15,5.65,-0.37
1248272775,12,3.107,-0.11225
1248272775,17,1.3296666666666668,-0.399
1248272776,15,5.884,-0.207
1248272776,12,3.0594,-0.0242
1248272777,13,3.248,-0.447
1248272777,12,2.9894999999999996,0.0385
1248272778,13,3.2889999999999997,-0.3655
1248272778,12,2.9094999999999995,0.12
1248272778,16,5.434,-0.485
1248272779,13,3.3160000000000003,-0.2843333333333333
1248272779,12,2.814,0.20575
1248272780,12,2.6814999999999998,0.2955
1248272780,16,5.6845,-0.3175
1248272781,13,3.281,-0.21
1248272781,12,2.57425,0.35724999999999996
1248272781,16,5.765,-0.225
1248272782,13,3.262,-0.116
1248272782,12,2.411,0.44599999999999995
1248272783,12,2.314,0.497
1248272783,14,3.022,-0.536
1248272783,16,5.765,-0.133
1248272784,15,5.3035,0.3385
1248272784,14,3.111,-0.446
1248272784,16,5.765,-0.045
1248272785,13,2.8145,0.42000000000000004
1248272785,14,3.3565000000000005,-0.11175000000000002
1248272785,16,5.332,0.394
1248272786,14,3.3,0.14800000000000002
1248272787,11,6.274,0.461
1248272787,14,3.262,0.195
1248272789,14,3.063,0.212
1248272790,11,6.139,0.476
1248272791,11,6.009,0.48
1248272791,14,3.022,0.211
1248272793,11,6.139,0.412
1248272794,11,6.274,0.319
1248272794,14,2.89,0.089
1248272795,14,2.785,-0.019
1248272795,16,4.683,0.482
1248272796,14,2.6665,-0.1525
1248272796,16,4.794,0.394
1248272797,13,2.2376666666666667,0.49899999999999994
1248272797,16,4.961,0.262
1248272798,13,2.252,0.445
1248272798,16,4.9365000000000006,0.236
1248272799,13,2.2,0.4515
1248272799,11,6.274,-0.038
1248272799,16,4.876,0.231
1248272800,13,2.109,0.46525
1248272800,14,2.292666666666667,-0.34400000000000003
1248272801,13,2.0367500000000005,0.48250000000000004
1248272801,11,6.139,-0.033
1248272802,13,1.9723333333333335,0.4803333333333333
1248272803,13,1.9023333333333332,0.49733333333333335
1248272804,13,1.85,0.5015000000000001
1248272804,11,5.884,-0.054
1248272804,14,1.948,-0.421
1248272805,13,1.7694999999999999,0.5035000000000001
1248272805,11,5.765,-0.07433333333333332
1248272805,14,1.866,-0.442
1248272806,11,5.65,-0.078
1248272807,14,1.759,-0.429
1248272808,11,5.65,0.15
1248272808,14,1.8295,-0.2255
1248272809,11,5.3133333333333335,0.2976666666666667
1248272809,14,1.8205,-0.1055
1248272810,11,5.2585,0.29675
1248272810,14,1.7525,-0.1235
1248272811,11,5.1915000000000004,0.3055
1248272811,14,1.652,-0.117
1248272812,11,5.10725,0.3125
1248272812,14,1.6,-0.121
1248272813,11,5.039000000000001,0.3136666666666667
1248272813,14,1.5266666666666666,-0.15166666666666664
1248272814,11,5.12975,0.23225
1248272814,14,1.426,-0.233
1248272815,11,5.14,0.159
1248272815,14,1.3493333333333333,-0.314
1248272815,16,3.50125,0.47674999999999995
1248272816,14,1.295,-0.341
1248272816,16,3.459,0.474
1248272817,11,4.898,-0.16133333333333333
1248272817,14,1.155,-0.5
1248272817,16,3.72825,0.223
1248272818,15,3.7496666666666667,0.4496666666666667
1248272818,11,4.48,-0.41100000000000003
1248272818,16,3.7207500000000002,-0.031
1248272819,19,7.234,-0.003
1248272819,13,1.27,0.48166666666666663
1248272819,15,3.8015,0.3805
1248272819,11,4.172,-0.5433333333333333
1248272819,16,3.635,-0.172
1248272820,13,1.2040000000000002,0.48225
1248272820,18,6.883,-0.248
1248272820,16,3.529,-0.1685
1248272821,13,1.252,0.253
1248272821,16,3.338,-0.32
1248272822,13,1.24725,-0.0135
1248272822,15,3.8125,-0.175
1248272823,13,1.142,-0.159
1248272823,15,3.643,-0.31
1248272824,13,1.095,-0.14400000000000002
1248272825,13,1.0785,0.11449999999999999
1248272825,15,3.729,0.011
1248272826,19,6.497,-0.34400000000000003
1248272826,13,1.0638,0.2008
1248272826,15,3.754,-0.003
1248272827,19,6.72,-0.26
1248272827,13,1.04225,0.30025
1248272827,15,3.729,0.191
1248272828,13,1.01625,0.364
1248272828,15,3.592,0.326
1248272829,13,0.99975,0.431
1248272829,15,3.5726666666666667,0.329
1248272829,16,3.198,-0.308
1248272830,15,3.44925,0.41424999999999995
1248272830,18,6.72,-0.25
1248272830,16,3.3083333333333336,-0.18899999999999997
1248272831,15,3.3796666666666666,0.4606666666666667
1248272831,11,4.107,-0.491
1248272831,16,3.3395,-0.115
1248272832,19,6.883,0.16699999999999998
1248272832,11,4.297499999999999,-0.39449999999999996
1248272832,18,6.968500000000001,-0.07350000000000001
1248272832,20,5.3075,0.0995
1248272832,16,3.3834999999999997,-0.025249999999999998
1248272833,19,7.01125,0.17674999999999996
1248272833,11,4.304600000000001,-0.384
1248272833,18,6.951400000000001,-0.069
1248272833,20,5.2536000000000005,0.1078
1248272833,16,3.3843999999999994,-0.014599999999999998
1248272834,19,7.054,0.17475000000000002
1248272834,11,4.2995,-0.384
1248272834,18,6.9510000000000005,-0.07033333333333334
1248272834,20,5.234,0.10766666666666667
1248272834,16,3.3855,-0.014499999999999999
1248272835,19,7.054,0.1755
1248272835,11,4.30025,-0.384
1248272835,18,6.925,-0.07
1248272835,20,5.234,0.1075
1248272835,16,3.385,-0.014249999999999999
1248272836,19,7.053999999999999,0.17899999999999996
1248272836,11,4.298,-0.384
1248272836,18,7.005000000000001,-0.07
1248272836,20,5.234,0.1075
1248272836,16,3.3855,-0.014
1248272837,19,7.054,0.1775
1248272837,11,4.302666666666666,-0.38199999999999995
1248272837,18,7.015333333333333,-0.07
1248272837,20,5.234,0.108
1248272837,16,3.3866666666666667,-0.014
1248272838,13,1.0035,0.38749999999999996
1248272838,15,3.338,0.491
1248272838,16,3.204333333333333,-0.286
1248272839,13,1.0327499999999998,0.04150000000000001
1248272839,15,3.635,-0.192
1248272840,13,0.992,-0.174
1248272840,15,3.24,-0.47233333333333327
1248272840,12,1.855,0.434
1248272841,12,1.978,0.16775
1248272842,12,1.954,-0.06066666666666667
1248272843,12,1.8773333333333333,-0.12166666666666666
1248272844,12,1.817,-0.12
1248272845,12,1.7508,-0.1222
1248272846,12,1.6906666666666668,-0.127
1248272847,12,1.6219999999999999,-0.13175
1248272848,12,1.5652499999999998,-0.13425
1248272849,12,1.4797500000000001,-0.19
1248272850,12,1.3036666666666668,-0.47333333333333333
1248272850,7,4.876,0.466
1248272850,6,4.817666666666667,0.4083333333333334
1248272851,7,5.287,0.215
1248272851,17,1.3724999999999998,0.335
1248272851,6,5.12925,0.041249999999999995
1248272852,7,5.234,-0.1615
1248272852,17,1.3884999999999998,-0.042499999999999996
1248272852,9,2.2226666666666666,0.39633333333333337
1248272852,6,4.67025,-0.40675000000000006
1248272853,17,1.2349999999999999,-0.3975
1248272854,9,2.247,-0.238
1248272856,9,1.987,-0.411
1248272857,10,3.881,0.077
1248272857,9,1.9546666666666666,-0.38433333333333336
1248272858,9,1.8895,-0.392
1248272859,10,3.729,0.116
1248272859,9,1.802,-0.386
1248272860,10,3.681,0.13
1248272860,9,1.768,-0.375
1248272861,10,3.5596666666666668,0.164
1248272862,10,3.48,0.1805
1248272863,10,3.378,0.191
1248272863,9,1.603,-0.365
1248272864,10,3.3,0.216
1248272864,9,1.5345,-0.3685
1248272866,10,3.19,0.244
1248272866,9,1.465,-0.364
1248272867,10,3.1494999999999997,0.261
1248272868,10,3.0795,0.281
1248272868,9,1.373,-0.364
1248272869,10,3.0272500000000004,0.29525
1248272869,9,1.304,-0.372
1248272870,10,2.9924999999999997,0.299
1248272871,10,2.8806666666666665,0.35300000000000004
1248272871,9,1.233,-0.319
1248272872,10,2.788,0.389
1248272872,9,1.197,-0.324
1248272873,10,2.93,0.066
1248272874,10,2.565,-0.455
1248272877,14,1.9260000000000002,0.181
1248272878,16,4.2283333333333335,0.38233333333333336
1248272879,14,1.8039999999999998,-0.281
1248272879,16,4.355,0.281
1248272880,20,5.884,0.378
1248272880,14,1.696,-0.302
1248272881,16,4.164,0.302
1248272882,20,5.765,0.388
1248272882,16,4.104333333333333,0.304
1248272883,19,7.234,0.442
1248272883,14,1.5065,-0.3385
1248272884,14,1.366,-0.443
1248272884,16,4.104,0.19
1248272885,13,1.6604999999999999,0.4175
1248272886,13,1.71275,0.26425
1248272886,15,4.355,0.159
1248272886,20,5.765,-0.172
1248272886,16,3.782,-0.322
1248272887,13,1.6816666666666666,0.20000000000000004
1248272887,18,6.809,-0.447
1248272887,16,3.658,-0.369
1248272888,13,1.5970000000000002,0.20739999999999997
1248272888,20,5.547,-0.27575000000000005
1248272889,13,1.519,0.223
1248272889,15,4.184,0.174
1248272889,20,5.487,-0.279
1248272889,16,3.567,-0.373
1248272890,19,7.156,-0.212
1248272890,13,1.4643333333333333,0.231
1248272890,15,4.104,0.166
1248272890,18,6.51,-0.461
1248272890,20,5.434,-0.2815
1248272891,13,1.3886666666666667,0.24066666666666667
1248272891,20,5.54,-0.276
1248272891,16,3.379,-0.394
1248272892,19,7.054,-0.219
1248272892,13,1.3016666666666665,0.25766666666666665
1248272892,15,3.99,0.176
1248272893,13,1.253,0.268
1248272893,18,6.344,-0.472
1248272894,13,1.1284999999999998,0.376
1248272894,15,3.7575000000000003,0.2625
1248272894,20,5.14,-0.288
1248272894,16,3.3026666666666666,-0.332
1248272896,11,4.63575,-0.103
1248272896,16,3.2536666666666663,0.28200000000000003
1248272897,11,4.6145,-0.0195
1248272897,20,4.784,0.452
1248272897,16,3.1559999999999997,0.347
1248272898,11,4.502,-0.023000000000000003
1248272898,18,6.564,0.278
1248272898,16,3.0553333333333335,0.35233333333333333
1248272899,11,4.481333333333333,-0.03333333333333333
1248272899,16,3.0090000000000003,0.3476666666666666
1248272900,19,6.009,0.452
1248272900,11,4.33,-0.099
1248272900,16,3.005,0.29500000000000004
1248272901,19,6.139,0.454
1248272901,11,4.289,-0.111
1248272901,16,2.9575,0.2855
1248272902,11,4.23,-0.116
1248272902,18,6.416,0.205
1248272902,16,2.879,0.291
1248272903,19,5.9465,0.46499999999999997
1248272903,11,4.1715,-0.114
1248272903,16,2.8355,0.2995
1248272904,19,5.884,0.4745
1248272904,11,4.074666666666666,-0.115
1248272904,18,6.274,0.217
1248272904,20,4.422,0.424
1248272904,16,2.7416666666666667,0.31066666666666665
1248272905,19,5.765,0.479
1248272905,11,4.0095,-0.1175
1248272905,18,6.274,0.218
1248272905,20,4.3715,0.425
1248272905,16,2.683,0.3165
1248272906,19,5.65,0.481
1248272906,11,3.935,-0.11
1248272907,19,5.65,0.489
1248272907,11,3.935,-0.118
1248272907,20,4.268,0.4283333333333333
1248272908,19,5.65,0.482
1248272908,11,3.586,-0.382
1248272908,16,2.612,0.2095
1248272909,15,2.999,0.441
1248272909,16,2.513,-0.225
1248272910,19,6.184,-0.12566666666666668
1248272910,15,3.0162500000000003,0.43
1248272910,20,4.422,-0.17
1248272910,16,2.46425,-0.28300000000000003
1248272911,15,3.205,0.1995
1248272911,16,2.375,-0.389
1248272912,19,5.283,-0.556
1248272912,15,3.220333333333333,0.02066666666666667
1248272913,15,3.0978000000000003,0.1908
1248272913,16,2.072,-0.559
1248272914,15,3.010666666666667,0.21466666666666667
1248272915,19,5.54,-0.389
1248272915,15,2.9465000000000003,0.219
1248272916,19,5.465,-0.38633333333333336
1248272916,15,2.8826666666666667,0.22533333333333336
1248272917,19,5.332,-0.394
1248272917,15,2.80925,0.23025
1248272917,20,3.635,-0.485
1248272918,19,5.332,-0.39
1248272918,15,2.74175,0.23424999999999999
1248272919,19,5.266500000000001,-0.3985
1248272919,15,2.6887499999999998,0.2425
1248272920,15,2.641,0.165
1248272921,15,2.6175,0.0865
1248272922,15,2.577666666666667,0.026333333333333334
1248272923,15,2.49625,-0.0555
1248272924,15,2.43425,-0.10375
1248272925,15,2.3382,-0.1702
1248272926,15,2.2720000000000002,-0.17425000000000002
1248272927,15,2.1936666666666667,-0.19466666666666668
1248272928,15,2.12,-0.2055
1248272929,15,2.04425,-0.2325
1248272930,15,1.9729999999999999,-0.23275
1248272931,15,1.8945,-0.2565
1248272932,15,1.7873333333333334,-0.2823333333333333
1248272933,15,1.7245,-0.28725
1248272934,15,1.6413333333333335,-0.31666666666666665
1248272935,15,1.561,-0.3383333333333334
1248272936,15,1.4716666666666667,-0.36766666666666664
1248272937,15,1.4020000000000001,-0.39025000000000004
1248272938,15,1.3102500000000001,-0.4215
1248272939,15,1.2846666666666666,-0.37766666666666665
1248272940,15,1.333,-0.09075
1248272941,15,1.2371999999999999,-0.25939999999999996
1248272942,15,1.065,-0.561
1248272976,19,3.7483333333333335,-0.5253333333333333
1248272977,19,3.796666666666667,-0.46466666666666673
1248272978,19,3.8040000000000003,-0.43333333333333335
1248272979,19,3.892666666666667,-0.33866666666666667
1248272980,19,3.9013333333333335,-0.27
1248272981,19,3.881,-0.186
1248272982,19,3.877333333333333,-0.15466666666666665
1248272983,19,3.855,-0.0875
1248272983,18,4.638,-0.336
1248272983,20,2.611,-0.562
1248272984,18,4.6264,-0.32799999999999996
1248272985,19,3.729,0.0735
1248272985,18,4.638,-0.286
1248272986,19,3.658,0.122
1248272986,18,4.714,-0.16733333333333333
1248272987,19,3.5915,0.1665
1248272987,18,4.666,-0.15
1248272988,19,3.485,0.253
1248272989,19,3.3505,0.299
1248272989,18,4.576,-0.021333333333333333
1248272990,19,3.189,0.37839999999999996
1248272990,18,4.492,0.032
1248272991,19,3.0225,0.4585
1248272991,18,4.437333333333334,0.12033333333333333
1248272991,20,2.566,-0.095
1248272992,11,3.912,-0.467
1248272992,18,4.322,0.214
1248272992,20,2.524,-0.007
1248272993,11,3.9625000000000004,-0.3895
1248272993,18,4.289,0.24
1248272993,20,2.458,0.006
1248272994,11,3.937,-0.392
1248272994,18,4.06475,0.32375
1248272994,20,2.3539999999999996,0.12066666666666666
1248272995,11,3.99,-0.314
1248272995,18,3.91425,0.38449999999999995
1248272996,11,4.019,-0.231
1248272996,18,3.7195,0.47000000000000003
1248272996,20,2.1500000000000004,0.2765
1248272996,16,2.176,-0.562
1248272997,11,4.018000000000001,-0.21400000000000002
1248272997,18,3.635,0.495
1248272997,20,2.085,0.303
1248272997,16,2.123,-0.559
1248272998,11,3.9785000000000004,-0.1295
1248272998,20,1.9882499999999999,0.38149999999999995
1248272998,16,2.1695,-0.4885
1248272999,11,3.99925,-0.06375
1248272999,20,1.8776666666666666,0.4623333333333333
1248272999,16,2.2062500000000003,-0.42624999999999996
1248273000,11,3.962,0.017
1248273000,20,1.8455,0.471
1248273001,11,3.881,0.026250000000000002
1248273001,16,2.18,-0.35200000000000004
1248273002,16,2.172,-0.279
1248273003,11,3.7435,0.1845
1248273003,16,2.17,-0.203
1248273004,11,3.689666666666666,0.19166666666666665
1248273004,16,2.149,-0.21
1248273005,11,3.624,0.22999999999999998
1248273006,11,3.53225,0.27949999999999997
1248273007,11,3.404,0.33433333333333337
1248273008,11,3.354,0.31725
1248273009,11,3.3073333333333337,0.293
1248273010,11,3.2889999999999997,0.264
1248273011,11,3.2580000000000005,0.22266666666666668
1248273012,11,3.2,0.16599999999999998
1248273013,11,3.1596666666666664,0.12733333333333333
1248273014,11,3.14825,-0.003250000000000003
1248273014,16,1.338,-0.555
1248273015,11,3.0233333333333334,-0.19866666666666666
1248273016,11,2.843,-0.377
1248273016,20,1.3493333333333333,0.3973333333333333
1248273017,20,1.3715000000000002,0.2475
1248273018,20,1.3143333333333334,0.20966666666666667
1248273019,20,1.2483333333333333,0.19633333333333333
1248273020,20,1.1916666666666667,0.15966666666666665
1248273021,18,3.12,0.12
1248273021,20,1.0873333333333333,0.14866666666666664
1248273022,18,2.981,0.22899999999999998
1248273022,20,1.0223333333333333,0.25
1248273023,18,2.799,0.397
1248273023,20,0.9646666666666667,0.38333333333333336
1248273024,18,2.9675000000000002,0.16549999999999998
1248273024,20,0.9729999999999999,0.26466666666666666
1248273025,18,2.9290000000000003,0.20766666666666667
1248273025,20,0.946,0.2565
1248273026,18,2.8674999999999997,0.2475
1248273027,18,2.877,0.1225
1248273028,18,2.8476666666666666,0.13033333333333333
1248273029,18,2.815,0.09533333333333334
1248273030,18,2.7937499999999997,0.14850000000000002
1248273031,18,2.778333333333333,0.064
1248273032,18,2.75725,0.08499999999999999
1248273033,18,2.69775,0.214
1248273034,18,2.555,0.3864
1248273035,11,2.1704999999999997,-0.5555
1248273035,18,2.408,0.502
1248273036,11,2.291,-0.43175
1248273037,11,2.407,-0.3005
1248273038,11,2.4477499999999996,-0.22125
1248273039,11,2.467,-0.16675
1248273040,11,2.452,-0.1542
1248273041,11,2.439,-0.155
1248273042,11,2.375,-0.16125
1248273043,11,2.300666666666667,-0.168
1248273044,11,2.2693333333333334,-0.16466666666666666
1248273045,11,2.195,-0.066
1248273046,11,2.0473333333333334,0.311
1248273047,16,1.149,-0.375
1248273049,13,3.418,-0.344
1248273050,12,4.172,-0.476
1248273051,12,4.36175,-0.36975
1248273052,12,4.359,-0.338
1248273052,10,7.328,0.358
1248273052,6,8.809,-0.282
1248273053,12,4.578666666666667,-0.063
1248273053,9,6.009,0.433
1248273054,13,3.1422499999999998,0.3485
1248273054,15,1.7356666666666667,-0.537
1248273054,12,4.492,0.08975
1248273055,12,4.336,-0.19066666666666668
1248273055,10,7.054,0.453
1248273055,6,8.809,-0.199
1248273056,12,3.9899999999999998,-0.4043333333333334
1248273056,10,7.234,0.284
1248273056,6,8.293,-0.3715
1248273056,14,3.5353333333333334,0.4103333333333334
1248273057,12,3.94375,-0.40700000000000003
1248273057,10,7.234,0.346
1248273057,6,8.293,-0.325
1248273057,14,3.4903333333333335,0.3993333333333333
1248273058,12,4.14,-0.173
1248273059,13,2.949,0.2125
1248273059,12,4.164,-0.094
1248273060,12,4.104,-0.107
1248273060,6,8.809,-0.035
1248273061,13,2.8535,0.22
1248273061,12,4.042,-0.101
1248273061,8,7.424,0.194
1248273061,6,8.809,-0.031
1248273062,13,2.816,0.223
1248273062,12,4.046,-0.101
1248273062,8,7.234,0.195
1248273063,13,2.797333333333333,0.2383333333333333
1248273064,13,2.761,0.248
1248273064,12,3.945,-0.099
1248273064,8,7.234,0.198
1248273065,13,2.6245000000000003,0.3175
1248273065,8,7.234,0.2085
1248273066,15,1.392,-0.535
1248273066,12,3.729,0.311
1248273066,6,7.623,0.456
1248273067,15,1.5246666666666666,-0.25299999999999995
1248273067,12,3.475,0.463
1248273068,15,1.5376666666666667,-0.006000000000000001
1248273069,15,1.50225,-0.12075000000000001
1248273070,15,1.398,-0.33475
1248273070,12,3.378,0.464
1248273071,12,3.558,0.33299999999999996
1248273071,6,7.48,0.45799999999999996
1248273072,13,2.263,0.512
1248273072,12,3.653,0.224
1248273072,17,4.324000000000001,0.492
1248273073,13,2.2680000000000002,0.508
1248273073,12,3.681,0.158
1248273073,8,6.416,0.449
1248273073,17,4.355,0.476
1248273074,13,2.246,0.5115000000000001
1248273074,12,3.6425,0.1615
1248273074,8,6.274,0.451
1248273074,17,4.33,0.483
1248273075,12,3.612,0.167
1248273075,8,6.274,0.461
1248273075,17,4.2515,0.488
1248273076,12,3.5735,0.168
1248273076,8,6.274,0.461
1248273076,17,4.22475,0.48975
1248273077,12,3.533,0.171
1248273077,8,6.274,0.4625
1248273077,17,4.1818,0.49479999999999996
1248273077,6,7.834,0.222
1248273078,8,6.228,0.468
1248273078,17,4.14225,0.4965
1248273079,12,3.45,0.126
1248273080,12,3.2595,-0.25925
1248273081,14,3.1013333333333333,0.3443333333333333
1248273082,8,5.884,-0.499
1248273082,17,3.9885,-0.4585
1248273082,9,5.332,-0.245
1248273083,17,3.99,-0.4545
1248273083,9,5.234,-0.265
1248273084,17,3.846,-0.468
1248273084,9,5.14,-0.258
1248273085,17,3.779,-0.47
1248273085,14,2.93,0.261
1248273086,17,3.721,-0.481
1248273087,13,1.7055,-0.4105
1248273087,8,5.54,-0.51
1248273087,17,3.6726666666666667,-0.48066666666666663
1248273088,8,5.434,-0.526
1248273088,17,3.589,-0.491
1248273089,8,5.383,-0.5225
1248273091,14,2.456,0.327
1248273094,17,3.19,-0.519
1248273094,14,2.197,0.39
1248273095,17,3.087,-0.558
1248273095,14,2.146,0.391
1248273096,10,5.65,-0.23199999999999998
1248273097,10,5.332,-0.3915
1248273098,10,5.310333333333333,-0.3906666666666667
1248273099,10,5.2026666666666666,-0.39333333333333337
1248273100,10,5.1205,-0.40125
1248273101,10,5.094333333333334,-0.4023333333333334
1248273102,10,5.000666666666667,-0.4066666666666667
1248273103,10,4.932666666666667,-0.415
1248273104,10,4.8025,-0.419
1248273105,10,4.861,-0.422
1248273106,10,4.876,-0.375
1248273107,10,4.876,-0.299
1248273109,10,4.948,-0.22199999999999998
1248273110,10,4.8885000000000005,-0.1955
1248273111,10,4.843666666666667,-0.166
1248273112,10,4.8145,-0.13575
1248273113,10,4.794,-0.091
1248273114,10,4.715333333333333,0.17366666666666666
1248273114,8,4.5280000000000005,-0.505
1248273115,10,4.422,0.383
1248273115,8,4.739,-0.371
1248273115,17,2.588,-0.476
1248273116,10,4.281666666666666,0.4363333333333334
1248273116,8,4.915333333333334,-0.22366666666666668
1248273116,6,5.765,-0.527
1248273117,8,5.049,-0.1295
1248273117,6,6.009,-0.398
1248273118,8,4.961,-0.12733333333333333
1248273118,17,2.735,-0.269
1248273118,9,3.501,0.129
1248273118,6,6.074,-0.3955
1248273119,8,4.961,-0.126
1248273119,17,2.6755,-0.281
1248273119,9,3.4385000000000003,0.118
1248273119,6,6.009,-0.3985
1248273120,8,4.876,-0.129
1248273120,17,2.6315,-0.283
1248273120,9,3.3975,0.12275
1248273120,6,6.009,-0.39766666666666667
1248273121,17,2.6146666666666665,-0.28633333333333333
1248273121,9,3.3725,0.11299999999999999
1248273122,9,3.341,0.119
1248273122,6,5.884,-0.4165
1248273123,10,4.0245,0.4865
1248273123,9,3.338,0.058
1248273123,6,5.65,-0.504
1248273124,10,4.492,0.04
1248273124,9,3.1006666666666667,-0.29933333333333334
1248273126,10,4.355,-0.208
1248273128,10,4.492,-0.058
1248273129,9,2.994,-0.408
1248273131,10,4.289,0.325
1248273131,9,3.149,-0.267
1248273132,10,4.299,0.30425
1248273132,9,3.229,-0.157
1248273133,10,4.061666666666667,0.44566666666666666
1248273133,8,4.578,-0.295
1248273133,17,2.375,-0.473
1248273133,9,3.226,-0.147
1248273134,10,4.164,0.399
1248273134,8,4.52,-0.341
1248273135,8,4.794,-0.132
1248273135,17,2.526,-0.302
1248273135,9,3.2756666666666665,0.11299999999999999
1248273136,10,3.9775,0.48650000000000004
1248273136,9,3.3,-0.008
1248273137,8,4.797,-0.087
1248273137,17,2.55125,-0.26575000000000004
1248273137,9,3.249,0.16966666666666666
1248273137,6,6.009,-0.364
1248273138,8,4.754,-0.19025
1248273138,17,2.48325,-0.35024999999999995
1248273138,9,3.2873333333333328,0.04766666666666666
1248273138,6,5.7372499999999995,-0.4635
1248273139,8,4.859,-0.03
1248273139,17,2.5686666666666667,-0.2293333333333333
1248273139,9,3.226,0.224
1248273140,8,4.794,-0.124
1248273140,17,2.58,-0.218
1248273141,8,4.848,-0.067
1248273141,17,2.5726666666666667,-0.241
1248273141,6,6.009,-0.364
1248273142,8,4.835,-0.07100000000000001
1248273142,17,2.567,-0.264
1248273143,8,4.852333333333333,-0.048999999999999995
1248273143,17,2.623,-0.155
1248273144,8,4.86,0.02225
1248273145,8,4.857500000000001,0.038
1248273145,9,3.22,0.231
1248273146,8,4.876,0.038
1248273146,17,2.6340000000000003,-0.1395
1248273147,8,4.794,0.22066666666666668
1248273147,9,3.003,0.443
1248273148,8,4.876,0.125
1248273148,17,2.6685,-0.024
1248273149,12,2.1863333333333332,-0.5516666666666666
1248273149,8,4.679333333333333,0.3096666666666667
1248273149,17,2.6533333333333333,0.154
1248273149,6,6.434,0.054
1248273150,12,2.1875,-0.554
1248273150,8,4.6965,0.305
1248273150,17,2.661,0.149
1248273150,6,6.508,0.0445
1248273151,12,2.333,-0.419
1248273151,8,4.475666666666666,0.4146666666666667
1248273151,17,2.61225,0.237
1248273151,6,6.416,0.185
1248273152,12,2.2598,-0.49280000000000007
1248273152,8,4.564,0.3698
1248273152,17,2.6256,0.2142
1248273152,6,6.467,0.11233333333333334
1248273153,12,2.32275,-0.44
1248273153,8,4.4750000000000005,0.41774999999999995
1248273153,17,2.601,0.26375000000000004
1248273153,6,6.416,0.16233333333333333
1248273154,12,2.37125,-0.39425
1248273154,8,4.399,0.45966666666666667
1248273154,17,2.573,0.30600000000000005
1248273154,6,6.391666666666667,0.209
1248273155,12,2.37025,-0.3925
1248273155,8,4.413250000000001,0.45975
1248273155,17,2.5719999999999996,0.3065
1248273155,6,6.392,0.20733333333333334
1248273156,12,2.4995,-0.22874999999999998
1248273156,17,2.4185,0.45875
1248273156,6,6.12425,0.36149999999999993
1248273157,12,2.4417500000000003,-0.308
1248273157,8,4.269,0.506
1248273157,17,2.501,0.384
1248273157,6,6.2402500000000005,0.28825
1248273158,13,0.967,-0.377
1248273158,12,2.544,-0.158
1248273158,17,2.36,0.509
1248273158,6,5.86725,0.44875
1248273159,12,2.503,-0.224
1248273159,17,2.43225,0.45099999999999996
1248273159,6,6.139,0.348
1248273160,12,2.5860000000000003,-0.058
1248273160,6,5.767,0.48750000000000004
1248273161,13,0.962,-0.4
1248273161,12,2.5406666666666666,-0.15866666666666665
1248273161,17,2.389,0.493
1248273161,6,5.89175,0.43825
1248273162,13,1.00475,-0.27525
1248273162,12,2.59925,0.0165
1248273163,13,1.0242499999999999,-0.18375000000000002
1248273163,12,2.5825000000000005,0.10875
1248273164,13,1.0512000000000001,-0.005199999999999996
1248273164,12,2.5128,0.2814
1248273165,13,1.0493333333333335,0.09566666666666668
1248273165,12,2.404,0.40633333333333327
1248273166,13,1.0213333333333334,0.25133333333333335
1248273166,15,2.865,-0.503
1248273166,12,2.291,0.4956666666666667
1248273167,13,1.0045,0.327
1248273167,15,2.858,-0.51
1248273168,12,2.4650000000000003,0.31075
1248273169,13,0.947,-0.422
1248273169,12,2.489666666666667,-0.2336666666666667
1248273169,17,2.4575,0.41600000000000004
1248273169,6,5.9719999999999995,0.4115
1248273170,12,2.314,-0.429
1248273170,8,4.5175,0.377
1248273170,17,2.6006666666666667,0.13833333333333334
1248273170,9,2.9795,0.435
1248273170,6,6.274,-0.138
1248273171,10,3.892,0.51
1248273171,8,4.593,-0.232
1248273171,17,2.519,-0.218
1248273171,9,3.178666666666667,0.19499999999999998
1248273171,6,5.8925,-0.37625
1248273173,10,4.289,0.264
1248273173,8,4.104,-0.508
1248273173,9,3.0516666666666663,-0.23266666666666666
1248273174,10,4.179666666666667,0.2743333333333334
1248273175,10,4.0793333333333335,0.289
1248273175,9,2.908,-0.22966666666666669
1248273176,10,3.994,0.309
1248273177,10,3.935,0.304
1248273177,8,3.835,-0.518
1248273177,9,2.746,-0.2415
1248273178,10,3.865,0.314
1248273178,8,3.818,-0.514
1248273178,9,2.723,-0.233
1248273179,10,3.77,0.3333333333333333
1248273179,9,2.641,-0.22866666666666666
1248273180,10,3.6925,0.35124999999999995
1248273180,8,3.7025,-0.505
1248273180,9,2.564666666666666,-0.21833333333333335
1248273181,10,3.5925,0.369
1248273181,8,3.6526666666666667,-0.5086666666666667
1248273181,9,2.4955,-0.219
1248273182,8,3.635,-0.507
1248273182,9,2.456,-0.237
1248273183,10,3.421,0.401
1248273183,8,3.562333333333333,-0.503
1248273183,9,2.375666666666667,-0.20299999999999999
1248273184,10,3.39825,0.36375
1248273184,8,3.4909999999999997,-0.5065
1248273184,9,2.2903333333333333,-0.23266666666666666
1248273185,10,3.529,-0.142
1248273186,10,3.3985000000000003,-0.2465
1248273187,10,3.2655,-0.33075000000000004
1248273188,10,3.2119999999999997,-0.33425
1248273189,10,3.1459999999999995,-0.3383333333333334
1248273190,10,3.098,-0.34525
1248273191,10,3.0340000000000003,-0.35
1248273192,10,2.9935,-0.355
1248273193,10,3.0683333333333334,-0.20666666666666667
1248273194,10,3.067,-0.09600000000000002
1248273195,10,3.022,-0.018500000000000003
1248273196,10,2.96,-0.019
1248273197,10,2.9055,-0.016
1248273198,10,2.843,-0.022
1248273199,10,2.8015,0.079
1248273200,10,2.735,0.07
1248273201,10,2.662333333333333,0.155
1248273202,10,2.6055,0.157
1248273203,10,2.56,0.16033333333333333
1248273204,10,2.487,0.203
1248273205,10,2.397,0.255
1248273206,10,2.388,0.23349999999999999
1248273207,10,2.35875,0.20375
1248273208,10,2.356,0.15
1248273209,10,2.272,0.20000000000000004
1248273210,10,2.263,0.175
1248273211,10,2.179,0.24866666666666667
1248273212,10,2.119666666666667,0.305
1248273213,10,2.0415,0.35924999999999996
1248273214,10,1.961,0.422
1248273215,10,1.856,0.491
1248273216,10,1.827,0.498
1248273222,8,2.579,-0.554
1248273223,8,2.56825,-0.5465
1248273236,7,4.046,-0.5535000000000001
1248273237,7,4.161666666666666,-0.48933333333333334
1248273237,8,2.334,-0.56
1248273238,7,4.293666666666667,-0.42133333333333334
1248273238,8,2.4175,-0.4665
1248273239,7,4.3345,-0.38625
1248273239,8,2.479,-0.41
1248273240,7,4.33075,-0.373
1248273240,8,2.4386666666666668,-0.4126666666666667
1248273241,7,4.349,-0.348
1248273241,8,2.4515000000000002,-0.38549999999999995
1248273241,6,4.203,-0.514
1248273242,7,4.32975,-0.35125
1248273242,8,2.437,-0.388
1248273242,6,4.184,-0.513
1248273243,7,4.3035000000000005,-0.3525
1248273243,8,2.409,-0.3925
1248273244,7,4.29025,-0.3554999999999999
1248273244,8,2.4025,-0.396
1248273245,7,4.2677499999999995,-0.35550000000000004
1248273245,8,2.385,-0.397
1248273246,7,4.268000000000001,-0.355
1248273247,7,4.243799999999999,-0.35619999999999996
1248273247,8,2.3493333333333335,-0.4000000000000001
1248273247,6,4.05,-0.529
1248273248,7,4.2295,-0.3575
1248273248,8,2.32825,-0.4035000000000001
1248273249,7,4.21925,-0.359
1248273249,8,2.313,-0.406
1248273249,6,4.053,-0.5305
1248273250,7,4.1555,-0.362
1248273250,8,2.27,-0.416
1248273251,7,4.088749999999999,-0.38725
1248273251,8,2.2435,-0.4175
1248273252,7,3.7880000000000003,-0.5335000000000001
1248273253,7,3.717,-0.5543333333333335
1248273254,7,3.6776666666666666,-0.5563333333333333
1248273255,7,3.649,-0.556
1248273256,7,3.62,-0.56225
1248273257,7,3.5853333333333333,-0.564
1248273258,7,3.5705,-0.5645
1248273259,7,3.542,-0.539
1248273260,7,3.6092500000000003,-0.49525
1248273261,7,3.7270000000000003,-0.414
1248273261,8,1.836,-0.517
1248273262,7,3.76075,-0.34550000000000003
1248273262,8,1.87,-0.436
1248273262,6,3.685,-0.521
1248273263,7,3.8155,-0.269
1248273263,6,3.788,-0.429
1248273264,7,3.8387499999999997,-0.22825
1248273264,8,1.8555000000000001,-0.348
1248273265,7,3.8339999999999996,-0.15725
1248273265,8,1.86125,-0.29674999999999996
1248273266,7,3.834,-0.08249999999999999
1248273266,8,1.8615,-0.2135
1248273267,7,3.82025,-0.04775
1248273267,8,1.834,-0.191
1248273267,6,3.887,-0.275
1248273268,7,3.8040000000000003,0.003
1248273268,8,1.819,-0.12366666666666666
1248273269,7,3.7607500000000003,0.085
1248273269,8,1.7986666666666666,-0.05333333333333334
1248273269,6,3.9393333333333334,-0.10733333333333334
1248273270,7,3.7485,0.09025
1248273270,8,1.791,-0.05
1248273270,6,3.935,-0.102
1248273271,7,3.7399999999999998,0.09166666666666667
1248273271,8,1.7826666666666666,-0.020666666666666667
1248273272,7,3.6652,0.185
1248273272,8,1.7603333333333333,0.042
1248273273,7,3.58,0.26075000000000004
1248273274,7,3.474,0.31425000000000003
1248273274,8,1.623,0.215
1248273274,6,3.881,0.06
1248273275,7,3.37425,0.36049999999999993
1248273275,8,1.5916666666666668,0.22166666666666668
1248273275,6,3.7656666666666667,0.16433333333333333
1248273276,7,3.2083333333333335,0.4483333333333333
1248273276,8,1.527,0.307
1248273276,6,3.6783333333333332,0.251
1248273277,7,3.157,0.47350000000000003
1248273277,8,1.4647499999999998,0.364
1248273277,6,3.5839999999999996,0.3036666666666667
1248273278,8,1.4265,0.40850000000000003
1248273278,6,3.5425,0.334
1248273279,8,1.34325,0.48425
1248273279,6,3.391,0.4155
1248273280,8,1.3230000000000002,0.4883333333333333
1248273280,6,3.372,0.4146666666666667
1248273281,6,3.214,0.492
1248273291,12,2.88225,-0.36800000000000005
1248273291,17,1.227,-0.493
1248273292,13,3.231,-0.46599999999999997
1248273292,12,3.0612500000000002,-0.03175
1248273292,17,1.29775,-0.30300000000000005
1248273292,20,7.054,-0.4895
1248273293,13,3.226,-0.458
1248273293,12,3.0157499999999997,0.051000000000000004
1248273293,17,1.27575,-0.2395
1248273293,20,7.054,-0.48
1248273294,13,3.253,-0.3805
1248273294,12,2.957,0.1095
1248273294,17,1.233,-0.158
1248273294,20,7.234,-0.396
1248273295,13,3.323333333333333,-0.30433333333333334
1248273295,12,2.8930000000000002,0.18466666666666667
1248273295,17,1.22,-0.129
1248273296,13,3.304,-0.294
1248273296,11,6.274,-0.545
1248273296,12,2.8035,0.243
1248273296,17,1.176,-0.117
1248273297,13,3.3,-0.148
1248273297,12,2.7089999999999996,0.30574999999999997
1248273297,16,5.65,-0.338
1248273298,13,3.279,-0.129
1248273298,12,2.5925000000000002,0.37725
1248273298,16,5.734333333333333,-0.25333333333333335
1248273299,13,3.2720000000000002,-0.0465
1248273299,11,6.72,-0.3795
1248273299,12,2.463,0.4555
1248273299,17,0.984,0.175
1248273299,16,5.765,-0.163
1248273300,13,3.226,-0.033
1248273300,11,6.59,-0.377
1248273300,12,2.403,0.478
1248273300,17,0.984,0.133
1248273300,14,2.971,-0.545
1248273300,16,5.765,-0.1195
1248273301,11,6.8015,-0.2935
1248273301,16,5.765,-0.08
1248273302,13,3.12,0.123
1248273302,16,5.765,-0.0015
1248273303,13,3.0653333333333332,0.153
1248273303,11,6.939,-0.21
1248273303,14,3.07,-0.408
1248273304,13,2.9570000000000003,0.24533333333333332
1248273304,11,6.883,-0.125
1248273304,14,3.0549999999999997,-0.383
1248273304,16,5.65,0.092
1248273305,13,2.7723333333333335,0.40399999999999997
1248273305,16,5.2829999999999995,0.3675
1248273307,14,3.196,0.1
1248273314,11,6.139,0.37766666666666665
1248273315,11,6.139,0.381
1248273315,14,2.803,0.2045
1248273316,14,2.52,0.483
1248273331,14,2.171,0.466
1248273332,14,2.158666666666667,0.48633333333333334
1248273333,14,2.1316666666666664,0.5006666666666667
1248273342,14,2.2824999999999998,0.35450000000000004
1248273343,14,2.347,0.241
1248273344,11,6.139,0.114
1248273346,11,6.009,0.1205
1248273347,11,5.884,0.115
1248273348,11,5.884,0.1085
1248273348,14,2.036,-0.069
1248273349,11,5.8245000000000005,0.095
1248273349,18,7.834,0.32
1248273351,11,5.65,0.0915
1248273351,14,1.825,-0.095
1248273352,11,5.65,0.0955
1248273352,18,7.623,0.317
1248273353,19,7.143,0.51
1248273354,11,5.434,0.087
1248273354,14,1.583,-0.104
1248273355,11,5.417,0.053000000000000005
1248273356,11,5.332,0.037
1248273356,14,1.428,-0.18
1248273357,11,5.234,0.028
1248273357,18,7.424,0.259
1248273357,14,1.366,-0.172
1248273358,11,5.14,0.026500000000000003
1248273358,18,7.234,0.255
1248273358,14,1.2663333333333333,-0.21
1248273359,11,5.14,0.0195
1248273359,18,7.234,0.255
1248273359,14,1.22,-0.2185
1248273360,13,1.668,0.509
1248273360,15,4.104,0.445
1248273360,11,4.623,-0.38033333333333336
1248273360,18,7.234,-0.25
1248273360,14,1.056,-0.498
1248273361,13,1.742,0.34900000000000003
1248273361,18,6.416,-0.527
1248273361,20,5.65,-0.232
1248273362,13,1.73575,0.217
1248273362,20,5.332,-0.388
1248273362,16,3.418,-0.471
1248273363,13,1.6925,0.2255
1248273363,15,4.3885000000000005,0.07
1248273363,20,5.324,-0.394
1248273363,16,3.398,-0.4735
1248273364,13,1.6165,0.2335
1248273364,15,4.3205,0.0715
1248273364,20,5.186999999999999,-0.3995
1248273365,13,1.4576666666666664,0.3873333333333333
1248273365,15,4.0535,0.2735
1248273366,15,3.716,0.478
1248273366,11,4.374499999999999,-0.3835
1248273367,11,4.714,-0.059
1248273368,15,3.599,0.482
1248273368,18,6.8015,-0.173
1248273369,15,3.562666666666667,0.484
1248273369,18,6.883,-0.198
1248273369,20,5.434,-0.006
1248273370,19,7.054,0.05
1248273370,15,3.48,0.495
1248273370,20,5.332,0.0
1248273371,15,3.4036666666666666,0.5026666666666667
1248273371,11,3.881,-0.503
1248273371,16,3.2439999999999998,-0.08399999999999999
1248273372,15,3.349,0.507
1248273372,20,5.14,-0.003
1248273372,16,3.19,-0.088
1248273373,15,3.3036666666666665,0.5103333333333334
1248273373,18,6.416,-0.208
1248273373,20,5.049,-0.002
1248273373,16,3.155,-0.085
1248273374,11,3.681,-0.523
1248273374,18,6.416,-0.203
1248273375,11,3.8040000000000003,-0.40349999999999997
1248273376,11,3.884,-0.312
1248273376,16,2.96,0.074
1248273377,16,2.843,0.182
1248273378,16,2.68325,0.2885
1248273379,16,2.5496666666666665,0.37000000000000005
1248273380,18,6.009,0.269
1248273380,20,4.104,0.491
1248273380,16,2.447,0.425
1248273381,11,3.7714999999999996,-0.0155
1248273381,18,5.884,0.318
1248273381,16,2.3415,0.4625
1248273382,11,3.70125,-0.026
1248273382,18,5.796666666666667,0.3133333333333333
1248273382,16,2.3,0.4566666666666667
1248273383,11,3.585,-0.024
1248273383,18,5.765,0.305
1248273384,11,3.512,-0.037
1248273384,18,5.7075,0.3115
1248273385,11,3.467,-0.044
1248273385,18,5.65,0.315
1248273386,11,3.398,-0.058
1248273386,18,5.54,0.303
1248273386,16,1.999,0.491
1248273387,11,3.293,-0.072
1248273387,18,5.5135000000000005,0.28825
1248273388,11,3.2266666666666666,-0.08233333333333333
1248273388,18,5.434,0.2866666666666666
1248273389,11,3.121,0.189
1248273390,11,3.05975,0.26825
1248273391,11,2.89775,0.398
1248273399,11,2.4403333333333332,0.48400000000000004
1248273400,11,2.5665000000000004,0.352
1248273401,11,2.4854,0.4122
1248273402,11,2.4505,0.421
1248273403,11,2.4087500000000004,0.4305
1248273404,11,2.3816,0.4366
1248273405,11,2.34075,0.44475000000000003
1248273406,11,2.3173333333333335,0.451
1248273407,11,2.3970000000000002,0.32900000000000007
1248273408,11,2.4665,0.15575
1248273408,18,4.564,0.493
1248273409,11,2.464333333333333,0.074
1248273409,18,4.754,0.38849999999999996
1248273410,11,2.457,0.09
1248273410,18,4.672,0.41933333333333334
1248273411,11,2.397,0.097
1248273411,18,4.624750000000001,0.42174999999999996
1248273412,18,4.5825,0.425
1248273413,11,2.342,0.097
1248273413,18,4.54125,0.42525
1248273414,11,2.303,0.03933333333333333
1248273414,18,4.545,0.426
1248273415,11,2.2795,-0.0905
1248273415,20,3.199,0.508
1248273416,19,5.0905000000000005,0.375
1248273416,20,3.33275,0.42374999999999996
1248273417,11,2.1035000000000004,-0.3425
1248273417,20,3.4086666666666665,0.3496666666666666
1248273418,19,5.0085,0.376
1248273418,11,2.1015,-0.302
1248273418,18,4.876,0.058
1248273418,20,3.29875,0.42324999999999996
1248273419,19,4.961,0.38
1248273419,20,3.25925,0.427
1248273420,19,4.961,0.373
1248273420,20,3.23,0.432
1248273421,19,4.9185,0.3905
1248273421,11,2.0185,-0.31
1248273421,20,3.201,0.439
1248273422,19,4.876,0.393
1248273422,11,1.992,-0.304
1248273422,20,3.1574999999999998,0.4485
1248273423,19,4.794,0.403
1248273423,18,4.714,0.077
1248273423,20,3.116666666666667,0.4543333333333333
1248273424,19,4.819,0.398
1248273424,11,1.87,-0.396
1248273424,20,3.0912500000000005,0.457
1248273425,19,5.049,0.198
1248273425,11,1.783,-0.46399999999999997
1248273425,20,3.2376666666666662,0.305
1248273426,19,5.14,0.058
1248273426,20,3.3,0.21800000000000003
1248273426,16,1.35425,0.48150000000000004
1248273427,19,5.0415,-0.066
1248273427,16,1.3944999999999999,0.377
1248273428,20,3.2439999999999998,-0.114
1248273428,16,1.424,0.271
1248273429,20,3.2310000000000003,-0.127
1248273429,16,1.421,0.24166666666666667
1248273430,18,3.779,-0.56
1248273430,20,3.1895,-0.1325
1248273430,16,1.3732499999999999,0.2495
1248273431,19,4.7956666666666665,-0.18966666666666665
1248273431,18,3.7455,-0.5605
1248273431,20,3.1174999999999997,-0.129
1248273431,16,1.3190000000000002,0.25366666666666665
1248273432,19,4.76725,-0.1955
1248273432,18,3.7359999999999998,-0.56375
1248273432,20,3.08625,-0.13225
1248273432,16,1.2734999999999999,0.26375000000000004
1248273433,19,4.746,-0.1985
1248273433,20,3.0356666666666663,-0.13333333333333333
1248273433,16,1.2395,0.2705
1248273434,19,4.64375,-0.221
1248273434,20,2.9757499999999997,-0.15775
1248273434,16,1.185,0.26
1248273435,19,4.395,-0.376
1248273435,15,2.773,0.496
1248273435,20,2.80075,-0.308
1248273435,16,1.1526666666666667,0.13366666666666668
1248273436,19,4.0845,-0.512
1248273436,15,2.76125,0.481
1248273436,20,2.64525,-0.43374999999999997
1248273436,16,1.092,0.012000000000000002
1248273437,15,2.856,0.35466666666666663
1248273437,20,2.512,-0.505
1248273437,16,1.0243333333333333,-0.128
1248273438,15,2.91425,0.2395
1248273438,16,0.9463333333333334,-0.25766666666666665
1248273439,15,2.91575,0.1125
1248273440,15,2.8137499999999998,-0.12525
1248273441,15,2.60275,-0.364
1248273442,15,2.4309999999999996,-0.47766666666666663
1248273442,12,3.6306666666666665,0.42933333333333334
1248273443,15,2.371,-0.4915
1248273443,12,3.582,0.43625
1248273444,15,2.3189999999999995,-0.4996666666666667
1248273444,12,3.5076666666666667,0.4446666666666667
1248273445,15,2.251,-0.518
1248273445,12,3.4676666666666662,0.446
1248273446,15,2.197,-0.525
1248273446,12,3.3897500000000003,0.456
1248273447,12,3.332333333333333,0.4656666666666667
1248273448,12,3.2866666666666666,0.4666666666666666
1248273449,13,1.968333333333333,0.4026666666666667
1248273449,12,3.635,0.067
1248273449,17,3.8600000000000003,0.485
1248273450,13,2.078,0.13999999999999999
1248273450,12,3.335,-0.338
1248273450,17,4.220000000000001,0.2625
1248273451,13,1.9655,-0.217
1248273451,12,3.131,-0.462
1248273451,8,6.564,0.023
1248273451,9,4.918,0.229
1248273452,13,1.9169999999999998,-0.209
1248273452,12,3.11,-0.452
1248273452,17,4.226,0.006
1248273452,9,4.853,0.2385
1248273453,13,1.818,-0.205
1248273453,12,3.015,-0.476
1248273453,9,4.794,0.233
1248273454,13,1.782,-0.19466666666666668
1248273454,9,4.714,0.262
1248273455,13,1.6820000000000002,-0.22266666666666668
1248273455,12,2.8810000000000002,-0.46900000000000003
1248273455,8,6.139,0.059
1248273455,6,7.424,-0.176
1248273456,13,1.625,-0.214
1248273456,12,2.841666666666667,-0.466
1248273456,7,7.834,-0.0805
1248273456,8,6.009,0.069
1248273456,6,7.41425,-0.173
1248273457,13,1.579,-0.10049999999999999
1248273457,6,7.424,-0.177
1248273458,13,1.558,0.09
1248273458,7,7.424,0.274
1248273458,8,5.436,0.45399999999999996
1248273458,17,3.602,0.326
1248273458,6,7.234,0.27249999999999996
1248273459,13,1.361,0.4345
1248273459,7,6.72,0.497
1248273459,6,6.883,0.38749999999999996
1248273460,13,1.36125,0.388
1248273460,12,2.982,0.204
1248273460,7,6.907,0.45
1248273461,13,1.4100000000000001,0.122
1248273461,12,2.866,-0.1855
1248273461,8,5.435333333333333,0.39633333333333337
1248273461,17,3.417666666666667,0.37033333333333335
1248273462,13,1.385,-0.07375000000000001
1248273462,12,2.69925,-0.36525
1248273462,17,3.590666666666667,0.17800000000000002
1248273463,13,1.3,-0.28900000000000003
1248273463,12,2.5069999999999997,-0.521
1248273463,7,7.308666666666667,-0.21266666666666664
1248273463,10,5.117,0.469
1248273463,8,5.804666666666667,-0.050666666666666665
1248273463,17,3.5833333333333335,-0.09133333333333334
1248273464,13,1.206,-0.476
1248273464,7,7.054,-0.341
1248273464,10,5.3535,0.3515
1248273464,8,5.726,-0.177
1248273464,17,3.48,-0.218
1248273465,9,4.104,-0.408
1248273465,14,1.7944000000000002,0.3788
1248273466,10,5.487,-0.1855
1248273466,9,3.9905,-0.47750000000000004
1248273467,10,5.29575,-0.30074999999999996
1248273468,10,4.961,-0.4775
1248273468,14,1.847,-0.143
1248273469,10,4.9185,-0.484
1248273470,10,4.876,-0.4835
1248273470,14,1.7225000000000001,-0.17149999999999999
1248273471,10,4.857,-0.484
1248273471,14,1.681,-0.16599999999999998
1248273475,11,2.6985,0.4185
1248273476,11,2.8626666666666662,0.17366666666666666
1248273477,11,2.7543333333333333,-0.24866666666666667
1248273477,20,3.1675,0.4555
1248273477,16,1.405,0.4285
1248273478,11,2.405,-0.555
1248273478,20,3.459,0.032
1248273478,16,1.475,-0.041
1248273479,18,4.696,-0.34450000000000003
1248273479,20,3.358,-0.051500000000000004
1248273479,16,1.407,-0.136
1248273480,20,3.3202499999999997,-0.05725
1248273481,18,4.564,-0.36
1248273481,20,3.2365000000000004,-0.0575
1248273482,20,3.15625,-0.1105
1248273483,15,2.2504999999999997,0.4285
1248273483,20,2.931,-0.34650000000000003
1248273485,15,2.3615000000000004,0.065
1248273486,15,2.2996,0.069
1248273487,15,2.2086666666666663,0.078
1248273488,15,2.145,0.07566666666666666
1248273489,15,2.095,0.07533333333333335
1248273490,15,2.0446666666666666,0.08233333333333333
1248273491,15,2.016,0.08424999999999999
1248273492,15,1.9797500000000001,0.08800000000000001
1248273493,15,1.94325,0.08399999999999999
1248273494,15,1.90525,0.08775
1248273495,15,1.8735,0.0905
1248273496,15,1.8195000000000001,0.17474999999999996
1248273497,15,1.77675,0.18425000000000002
1248273498,15,1.7109999999999999,0.25
1248273499,15,1.67375,0.27549999999999997
1248273500,15,1.6502499999999998,0.2765
1248273501,15,1.564,0.36975
1248273502,15,1.5285000000000002,0.379
1248273503,15,1.44975,0.448
1248273504,15,1.3975,0.48050000000000004
1248273505,15,1.369,0.491
1248273507,19,3.5935,-0.5215000000000001
1248273508,19,3.6015,-0.52
1248273509,19,3.6020000000000003,-0.4933333333333334
1248273510,19,3.7245,-0.433
1248273511,19,3.694,-0.4265
1248273512,19,3.6791999999999994,-0.4316
1248273513,19,3.7223333333333333,-0.37366666666666665
1248273513,20,2.001,-0.55
1248273514,19,3.7510000000000003,-0.3355
1248273514,20,1.999,-0.55
1248273516,19,3.7664999999999997,-0.2515
1248273516,20,1.9843333333333335,-0.509
1248273517,20,1.9769999999999999,-0.49049999999999994
1248273518,19,3.729,-0.255
1248273518,20,1.964,-0.484
1248273519,19,3.729,-0.187
1248273519,20,1.9766666666666668,-0.41333333333333333
1248273520,20,1.996,-0.342
1248273521,19,3.729,-0.0885
1248273521,18,3.427,-0.55
1248273521,20,1.97925,-0.34125
1248273522,19,3.729,-0.106
1248273522,18,3.388,-0.557
1248273522,20,1.9495,-0.3465
1248273523,18,3.513,-0.473
1248273523,20,1.9605000000000001,-0.2695
1248273524,18,3.527,-0.474
1248273524,20,1.9495,-0.271
1248273525,18,3.503,-0.483
1248273525,20,1.922,-0.27899999999999997
1248273526,18,3.589,-0.397
1248273526,20,1.922,-0.199
1248273527,18,3.5505,-0.3995
1248273527,20,1.891,-0.20850000000000002
1248273528,18,3.586,-0.363
1248273528,20,1.8805,-0.206
1248273529,18,3.5946666666666665,-0.322
1248273529,20,1.8766666666666667,-0.125
1248273530,18,3.5715,-0.32075000000000004
1248273530,20,1.8446666666666667,-0.129
1248273531,18,3.642,-0.254
1248273531,20,1.845,-0.07
1248273532,18,3.62475,-0.24325
1248273532,20,1.8196666666666665,-0.05333333333333332
1248273533,18,3.608,-0.241
1248273533,20,1.7965,-0.0505
1248273534,18,3.643,-0.175
1248273534,20,1.7738,0.05419999999999999
1248273535,18,3.705,-0.012499999999999999
1248273535,20,1.71875,0.22225
1248273536,18,3.689,0.135
1248273536,20,1.6292499999999999,0.38425000000000004
1248273537,11,2.338,-0.509
1248273537,18,3.42275,0.381
1248273537,20,1.5455,0.4875
1248273538,11,2.52,-0.322
1248273538,18,3.251,0.48450000000000004
1248273539,11,2.5932500000000003,-0.21025
1248273540,11,2.6444,-0.0712
1248273541,11,2.64175,0.022
1248273542,11,2.578666666666667,0.12433333333333334
1248273543,11,2.51925,0.007000000000000003
1248273544,11,2.3354,-0.2934
1248273545,11,2.142666666666667,-0.46166666666666667
1248273546,11,2.2445,-0.287
1248273547,11,2.359,-0.010750000000000004
1248273548,11,2.3518,0.1238
1248273549,11,2.2969999999999997,0.2495
1248273550,11,2.13825,0.4475
1248273552,11,2.1590000000000003,0.39066666666666666
1248273553,11,2.28525,0.139
1248273554,11,2.2556000000000003,-0.0846
1248273555,11,2.168,-0.26066666666666666
1248273562,11,1.938,-0.179
1248273563,11,1.9309999999999998,-0.18633333333333332
1248273564,11,1.9083333333333332,-0.103
1248273565,11,1.88825,-0.02125
1248273566,11,1.85,0.046599999999999996
1248273567,11,1.796,0.1215
1248273568,11,1.7373333333333332,0.205
1248273569,11,1.7005000000000001,0.24725
1248273570,11,1.5813333333333333,0.39066666666666666
1248273571,11,1.533,0.42424999999999996
1248273572,11,1.438,0.49766666666666665
1248273573,11,1.422,0.502
1248273580,14,2.8586666666666667,-0.541
1248273581,14,2.941666666666667,-0.4653333333333333
1248273582,14,2.9793333333333334,-0.4123333333333334
1248273583,14,3.0053333333333327,-0.38199999999999995
1248273584,14,3.054,-0.30424999999999996
1248273585,9,5.234,-0.524
1248273585,14,3.06825,-0.2345
1248273586,9,5.332,-0.459
1248273586,14,3.095,-0.16
1248273587,9,5.595000000000001,-0.3485
1248273588,17,4.5280000000000005,-0.521
1248273588,9,5.595000000000001,-0.31999999999999995
1248273590,17,4.564,-0.45
1248273590,9,5.5840000000000005,-0.2372
1248273591,9,5.54,-0.218
1248273592,7,7.623,-0.5185
1248273592,8,6.564,-0.3805
1248273592,17,4.457,-0.442
1248273592,9,5.469333333333334,-0.21133333333333335
1248273593,9,5.434,-0.1905
1248273594,9,5.434,-0.1735
1248273595,9,5.332,-0.163
1248273595,6,7.161,-0.558
1248273596,7,7.623,-0.449
1248273596,9,5.242333333333334,-0.139
1248273596,6,7.234,-0.54
1248273598,9,5.14,-0.096
1248273599,13,2.042,-0.463
1248273599,12,3.418,-0.438
1248273599,17,4.3085,-0.1785
1248273599,14,2.212,0.272
1248273600,13,2.2145,-0.061000000000000006
1248273600,17,4.214499999999999,0.30100000000000005
1248273601,13,2.1174999999999997,0.2545
1248273602,13,1.8986666666666665,0.49300000000000005
1248273602,12,3.458,0.36
1248273603,12,3.3672500000000003,0.386
1248273604,12,3.18375,0.4635
1248273605,15,2.1790000000000003,-0.5137499999999999
1248273606,15,2.18225,-0.45475000000000004
1248273607,15,2.1799999999999997,-0.4123333333333334
1248273608,15,2.182,-0.35333333333333333
1248273609,15,2.1508,-0.30480000000000007
1248273610,15,2.13525,-0.22575
1248273611,15,2.097666666666667,-0.13
1248273612,15,2.061,-0.07250000000000001
1248273613,15,2.0374999999999996,-0.028
1248273614,15,1.958,0.04425
1248273615,15,1.8864999999999998,0.12
1248273616,15,1.7826666666666666,0.19799999999999998
1248273617,15,1.6946666666666665,0.274
1248273618,15,1.5990000000000002,0.3393333333333333
1248273619,15,1.4889999999999999,0.42974999999999997
1248273620,15,1.446,0.449
1248273621,19,3.545,-0.557
1248273623,19,3.635,-0.429
1248273624,19,3.7113333333333336,-0.38800000000000007
1248273624,20,1.971,-0.546
1248273625,19,3.735333333333333,-0.307
1248273626,19,3.729,-0.3
1248273627,20,1.9703333333333333,-0.442
1248273628,19,3.729,-0.129
1248273628,20,1.977,-0.381
1248273629,18,3.501,-0.506
1248273629,20,1.959,-0.3295
1248273630,18,3.4865,-0.50125
1248273630,20,1.9633333333333336,-0.28533333333333327
1248273631,18,3.4675000000000002,-0.498
1248273631,20,1.9454999999999998,-0.28225
1248273632,20,1.93,-0.208
1248273633,18,3.519,-0.421
1248273633,20,1.887,-0.206
1248273634,18,3.567,-0.341
1248273634,20,1.8495,-0.1285
1248273635,20,1.801,-0.054
1248273636,18,3.6319999999999997,-0.177
1248273636,20,1.763,0.028999999999999998
1248273637,19,3.2194999999999996,0.3165
1248273637,18,3.596,-0.17066666666666666
1248273637,20,1.731,0.047
1248273638,18,3.592,-0.082
1248273638,20,1.677,0.116
1248273639,18,3.545,-0.088
1248273640,18,3.491,0.002
1248273640,20,1.541,0.2275
1248273641,18,3.501,0.006
1248273641,20,1.4966666666666668,0.27066666666666667
1248273642,18,3.459,0.094
1248273642,20,1.4303333333333335,0.32866666666666666
1248273643,20,1.3706666666666667,0.3833333333333333
1248273644,18,3.328,0.181
1248273644,20,1.31575,0.42475
1248273645,20,1.24925,0.48075
1248273646,20,1.20975,0.5092500000000001
1248273647,18,3.0832499999999996,0.32725
1248273648,18,3.0165,0.3635
1248273649,18,2.9452000000000003,0.39780000000000004
1248273650,18,2.829,0.4575
1248273651,18,2.758,0.4825
1248273652,18,2.7035,0.485
1248273653,18,2.676,0.46025000000000005
1248273654,11,1.874,-0.4305
1248273655,11,1.933,-0.32275000000000004
1248273656,11,1.8915,-0.274
1248273657,11,1.87,-0.18875
1248273658,11,1.8405,-0.1415
1248273659,11,1.802,-0.081
1248273660,11,1.7403333333333333,-0.005333333333333333
1248273661,11,1.6933333333333334,0.04066666666666666
1248273662,11,1.612,0.12466666666666666
1248273663,11,1.5070000000000001,0.209
1248273664,11,1.4333333333333336,0.28800000000000003
1248273665,11,1.337,0.359
1248273666,11,1.2103333333333335,0.476
1248273673,10,6.5145,-0.471
1248273673,14,3.022,-0.5295000000000001
1248273674,14,3.054,-0.459
1248273675,10,6.72,-0.377
1248273675,14,3.0869999999999997,-0.41200000000000003
1248273676,10,6.883,-0.298
1248273676,14,3.090666666666667,-0.3516666666666666
1248273677,9,5.357666666666667,-0.526
1248273677,14,3.09,-0.297
1248273678,9,5.54,-0.442
1248273679,9,5.65,-0.352
1248273679,14,3.087,-0.124
1248273680,9,5.765,-0.2785
1248273681,7,8.293,-0.509
1248273681,8,7.054,-0.368
1248273681,17,4.794,-0.436
1248273681,9,5.765,-0.228
1248273682,7,8.293,-0.43999999999999995
1248273682,9,5.765,-0.1515
1248273682,6,7.623,-0.511
1248273683,7,8.293,-0.3875
1248273683,17,4.876,-0.339
1248273683,9,5.765,-0.11
1248273684,7,8.293,-0.383
1248273685,7,8.293,-0.3845
1248273686,7,8.293,-0.374
1248273686,10,6.274,0.23299999999999998
1248273686,9,5.54,-0.098
1248273687,17,4.509,-0.342
1248273687,14,2.52,0.168
1248273688,7,8.057,-0.381
1248273688,17,4.48,-0.353
1248273688,9,5.332,-0.105
1248273688,6,7.623,-0.49
1248273689,7,7.834,-0.394
1248273689,9,5.332,-0.095
1248273689,6,7.623,-0.474
1248273690,17,4.3,-0.3585
1248273690,6,7.424,-0.485
1248273691,10,5.884,0.261
1248273692,17,4.218999999999999,-0.3615
1248273693,10,5.765,0.266
1248273693,17,4.066,-0.373
1248273694,7,7.623,-0.389
1248273694,10,5.65,0.2765
1248273694,17,4.073,-0.363
1248273694,6,7.234,-0.489
1248273695,10,5.628,0.277
1248273695,17,3.9506666666666668,-0.3786666666666667
1248273696,7,7.424,-0.397
1248273696,10,5.54,0.287
1248273696,17,3.884,-0.375
1248273697,7,7.424,-0.403
1248273697,10,5.434,0.2975
1248273697,17,3.83375,-0.37975000000000003
1248273697,9,4.714,-0.091
1248273697,6,6.883,-0.493
1248273698,8,6.009,-0.2625
1248273698,17,3.7350000000000003,-0.3835
1248273698,6,6.883,-0.486
1248273699,8,5.967,-0.265
1248273699,17,3.7220000000000004,-0.386
1248273699,6,6.875500000000001,-0.4925
1248273699,14,1.64,0.283
1248273700,8,5.884,-0.266
1248273700,17,3.624,-0.3945
1248273700,6,6.742,-0.5005
1248273700,14,1.493,0.313
1248273701,13,1.635,-0.531
1248273701,17,3.7115,-0.286
1248273702,13,1.72425,-0.38075
1248273702,12,3.1675,-0.41825
1248273702,8,5.765,0.291
1248273702,17,3.7940000000000005,0.11599999999999999
1248273702,6,7.623,0.03
1248273703,13,1.77375,-0.185
1248273703,12,3.319,-0.236
1248273703,8,5.542,0.388
1248273703,17,3.6515,0.2695
1248273703,6,7.5235,0.174
1248273704,13,1.76,-0.132
1248273704,12,3.319,-0.178
1248273704,8,5.332,0.4535
1248273704,17,3.5460000000000003,0.3315
1248273704,6,7.36,0.2375
1248273705,13,1.671,-0.14233333333333334
1248273705,12,3.2435,-0.18074999999999997
1248273705,8,5.285500000000001,0.4565
1248273705,17,3.47175,0.33999999999999997
1248273705,6,7.3260000000000005,0.2385
1248273706,13,1.6035,-0.1595
1248273706,12,3.1747499999999995,-0.186
1248273706,7,7.188,0.336
1248273706,8,5.1972499999999995,0.46075000000000005
1248273706,17,3.39575,0.346
1248273706,6,7.2379999999999995,0.24225
1248273707,13,1.5194999999999999,-0.16475
1248273707,12,3.1035000000000004,-0.1925
1248273707,7,7.144,0.34099999999999997
1248273707,8,5.1015,0.4705
1248273707,17,3.3025,0.3565
1248273707,6,7.234,0.2455
1248273708,7,7.054,0.34099999999999997
1248273708,8,5.049,0.474
1248273709,13,1.369,-0.169
1248273709,8,4.9645,0.4765
1248273709,17,3.19,0.356
1248273710,13,1.347,-0.195
1248273710,7,7.054,0.348
1248273710,8,4.920999999999999,0.484
1248273710,17,3.085,0.378
1248273711,8,5.058,0.397
1248273711,17,3.1345,0.3065
1248273711,9,3.501,0.483
1248273712,13,1.101,-0.485
1248273712,17,3.1445,-0.13125
1248273713,10,4.598,0.4013333333333333
1248273713,8,4.961,-0.343
1248273713,17,2.871,-0.392
1248273713,6,6.193,-0.4545
1248273714,7,6.139,-0.504
1248273714,10,4.714,0.331
1248273714,8,4.943,-0.3505
1248273714,17,2.708,-0.474
1248273714,9,3.7195,-0.109
1248273715,7,6.095666666666666,-0.5053333333333333
1248273715,10,4.603666666666666,0.3333333333333333
1248273715,8,4.862666666666667,-0.3473333333333333
1248273715,17,2.675333333333333,-0.47700000000000004
1248273715,9,3.6663333333333337,-0.10666666666666667
1248273716,10,4.56825,0.33875
1248273716,8,4.865500000000001,-0.3515
1248273716,17,2.623,-0.484
1248273716,9,3.635,-0.097
1248273717,10,4.419666666666667,0.39266666666666666
1248273717,8,4.808,-0.354
1248273717,17,2.6285,-0.4445
1248273718,17,2.7365,-0.29900000000000004
1248273719,8,4.990333333333334,-0.133
1248273719,17,2.7039999999999997,-0.276
1248273719,9,3.498,0.115
1248273719,6,6.074,-0.3965
1248273720,8,4.9205000000000005,-0.135
1248273720,17,2.6535,-0.28
1248273720,9,3.4234999999999998,0.1145
1248273720,6,6.009,-0.404
1248273721,17,2.6153333333333335,-0.29233333333333333
1248273721,9,3.338,0.114
1248273721,6,5.93,-0.4093333333333333
1248273722,8,4.961,-0.136
1248273722,17,2.56,-0.2916666666666667
1248273722,9,3.345,0.114
1248273722,6,5.884,-0.414
1248273723,8,4.714,-0.146
1248273723,17,2.488,-0.299
1248273724,8,4.692,-0.145
1248273724,17,2.4365,-0.3095
1248273724,6,5.765,-0.422
1248273725,8,4.564,-0.143
1248273725,17,2.392,-0.31066666666666665
1248273725,9,3.12,0.12
1248273725,6,5.7075,-0.423
1248273726,8,4.582,-0.141
1248273726,17,2.328333333333333,-0.317
1248273726,6,5.669,-0.4246666666666667
1248273727,17,2.2053333333333334,-0.38633333333333336
1248273728,17,2.1,-0.489
1248273728,9,2.843,-0.296
1248273729,9,2.735,-0.372
1248273730,10,4.226,0.067
1248273730,9,2.51,-0.474
1248273731,9,2.5035,-0.4775
1248273732,9,2.4245,-0.4875
1248273733,9,2.3685,-0.4975
1248273734,10,3.881,0.075
1248273734,9,2.2816666666666667,-0.5113333333333333
1248273736,10,3.729,0.0
1248273738,10,3.589,0.014
1248273739,10,3.465,0.03
1248273740,10,3.459,0.035
1248273741,10,3.418,0.042
1248273744,10,3.155,0.087
1248273745,10,3.087,0.101
1248273746,10,3.006,0.11
1248273747,10,2.8985,0.1225
1248273748,10,2.843,0.135
1248273750,10,2.647,0.1885
1248273751,10,2.5685000000000002,0.202
1248273752,10,2.4995000000000003,0.21100000000000002
1248273753,10,2.456,0.113
1248273755,10,2.335,0.007
1248273756,10,2.2635,0.008
1248273757,10,2.195,0.009
1248273758,10,2.115,-0.003
1248273759,10,2.041,0.005
1248273760,10,1.9896666666666665,0.012333333333333335
1248273762,10,1.89,0.0115
