Time,Forward-velocity,Angular-velocity

1248272274,0.080625,-0.373125

1248272275,0.08109677419354845,-0.2952903225806451

1248272276,0.06317142857142856,0.0

1248272277,0.05887878787878785,0.0

1248272278,0.07091176470588231,-0.08194117647058825

1248272279,0.06673684210526316,-0.03142105263157895

1248272280,0.07289655172413792,-0.12351724137931037

1248272281,0.06141666666666665,0.0

1248272282,0.07015686274509807,-0.09364705882352943

1248272283,0.0653658536585366,0.0

1248272284,0.0728461538461539,-0.12246153846153848

1248272285,0.06887999999999997,-0.09552000000000001

1248272286,0.05054385964912283,0.0

1248272287,0.0726486486486487,-0.1183243243243243

1248272288,0.06700000000000009,0.0

1248272289,0.07094444444444446,-0.12161111111111109

1248272290,0.06595945945945955,-0.016135135135135134

1248272291,0.06937500000000009,-0.04975000000000001

1248272292,0.07097297297297298,-0.10218918918918916

1248272293,0.066082191780822,0.0

1248272294,0.06968918918918929,-0.0752972972972973

1248272295,0.06936764705882355,-0.07023529411764706

1248272296,0.06700000000000009,0.0

1248272297,0.07011764705882353,-0.08194117647058824

1248272298,0.06585915492957754,-0.04484507042253522

1248272299,0.059369863013698565,0.0

1248272300,0.06608333333333326,-0.10502777777777776

1248272301,0.0548714285714286,0.0

1248272302,0.057324324324324265,-0.043027027027027036

1248272303,0.05233783783783787,0.0

1248272304,0.06013513513513511,-0.12908108108108104

1248272305,0.04787323943661979,0.0

1248272306,0.05412328767123284,-0.0926849315068493

1248272307,0.04911999999999997,0.1449333333333333

1248272308,0.045147058823529415,0.1620147058823529

1248272309,0.021413333333333343,0.049333333333333326

1248272310,0.011121212121212127,0.0

1248272311,0.030128571428571428,0.0

1248272312,0.027178571428571437,0.0

1248272313,0.012821917808219186,-0.06147945205479453

1248272314,0.0,-0.561

1248272315,0.0,0.10092592592592589

1248272316,0.0,0.09092982456140354

1248272317,0.019275862068965515,0.5140344827586211

1248272318,0.08326984126984129,0.39504761904761937

1248272319,0.08287272727272725,0.39316363636363655

1248272320,0.08292857142857142,0.3934285714285716

1248272321,0.08051063829787229,0.3819574468085106

1248272322,0.08241666666666661,0.391

1248272323,0.08599999999999994,0.4079555555555555

1248272324,0.06757692307692313,0.07453846153846154

1248272325,0.058960000000000026,0.010320000000000001

1248272326,0.0,0.14142000000000005

1248272327,0.0,0.10523404255319152

1248272328,0.0,0.006533333333333335

1248272329,0.053326530612244905,-0.0002653061224489796

1248272330,0.025081632653061216,-0.11889795918367352

1248272331,0.03574468085106382,0.0171063829787234

1248272332,0.021291666666666664,-0.057479166666666665

1248272333,0.03836956521739129,-0.06441304347826085

1248272334,0.06012500000000003,-0.0440625

1248272335,0.021774999999999996,-0.370125

1248272336,0.06414893617021279,-0.00925531914893617

1248272337,0.06700000000000005,0.0

1248272338,0.06700000000000003,0.0

1248272339,0.06802564102564099,0.1133076923076923

1248272340,0.07395744680851069,0.28551063829787243

1248272341,0.07095555555555559,0.1766222222222222

1248272342,0.0628979591836735,0.0

1248272343,0.06700000000000003,0.0

1248272344,0.06700000000000003,0.0

1248272345,0.06551111111111114,0.0

1248272346,0.0669782608695652,0.06208695652173913

1248272347,0.08241666666666661,0.391

1248272348,0.08427999999999995,0.3998400000000001

1248272349,0.08217777777777772,0.3898666666666666

1248272350,0.08599999999999994,0.408

1248272351,0.05855319148936169,0.4233191489361703

1248272352,0.08281481481481479,0.39288888888888907

1248272353,0.07462820512820514,0.25734615384615384

1248272354,0.06715492957746488,-0.010676056338028175

1248272355,0.06651315789473693,0.02161842105263157

1248272356,0.06709333333333341,0.008920000000000004

1248272357,0.06700000000000009,0.009064935064935071

1248272358,0.06700000000000009,0.0007123287671232886

1248272359,0.06704166666666674,0.008638888888888896

1248272360,0.06700000000000009,0.00998630136986302

1248272361,0.06702739726027405,0.008150684931506854

1248272362,0.06700000000000009,0.009630136986301375

1248272363,0.06700000000000009,0.008441558441558444

1248272364,0.07225974025974016,0.15885714285714292

1248272365,0.07309999999999998,0.22815714285714286

1248272366,0.06545333333333342,0.008226666666666667

1248272367,0.06611842105263166,0.0

1248272368,0.06700000000000009,0.0

1248272369,0.06523684210526325,0.0

1248272370,0.06600000000000007,0.0

1248272371,0.0660563380281691,0.0

1248272372,0.06516438356164392,0.0

1248272373,0.06700000000000009,0.0

1248272374,0.07227777777777789,-0.11055555555555553

1248272375,0.07156944444444446,-0.1204027777777778

1248272376,0.06741791044776128,-0.010776119402985075

1248272377,0.06769999999999998,-0.08192857142857142

1248272378,0.06539705882352936,-0.08130882352941177

1248272379,0.06537142857142857,-0.09868571428571432

1248272380,0.06044444444444441,-0.025277777777777784

1248272381,0.0583676470588235,-0.013720588235294123

1248272382,0.052111111111111164,0.0

1248272383,0.049428571428571426,0.0

1248272384,0.04624999999999993,0.0

1248272385,0.04454411764705884,0.0

1248272386,0.04328985507246378,0.0

1248272387,0.0403478260869565,0.0

1248272388,0.03870422535211273,0.0

1248272389,0.050621621621621656,0.07287837837837838

1248272390,0.0504428571428571,0.05082857142857144

1248272391,0.06348484848484849,0.048333333333333305

1248272392,0.06713513513513523,0.01714864864864864

1248272393,0.06700000000000009,0.01797142857142857

1248272394,0.06700000000000009,0.010217391304347834

1248272395,0.076921875,0.28228125

1248272396,0.06985000000000004,0.0612

1248272397,0.06731578947368427,0.057263157894736835

1248272398,0.071360655737705,0.0936393442622951

1248272399,0.07007352941176478,0.066

1248272400,0.07234375000000004,0.11475000000000005

1248272401,0.06700000000000009,0.0

1248272402,0.07210447761194042,0.1096119402985075

1248272403,0.07422535211267607,0.1551549295774648

1248272404,0.054126582278481,0.08779746835443042

1248272405,0.06700000000000009,0.0

1248272406,0.06990277777777784,0.06233333333333334

1248272407,0.06875714285714289,0.05828571428571429

1248272408,0.0692800000000001,0.04896

1248272409,0.06848571428571437,0.052457142857142855

1248272410,0.06897222222222232,0.06233333333333334

1248272411,0.06926865671641795,0.04871641791044776

1248272412,0.06700000000000009,0.0

1248272413,0.07108333333333344,0.10766666666666672

1248272414,0.07129333333333339,0.13056

1248272415,0.0714057971014493,0.09460869565217395

1248272416,0.06700000000000009,0.0

1248272417,0.07254166666666677,0.11900000000000005

1248272418,0.07201428571428571,0.12822857142857147

1248272419,0.06870833333333337,0.05666666666666667

1248272420,0.06606944444444453,0.0

1248272421,0.07510294117647065,0.174

1248272422,0.06909090909090913,0.06358441558441559

1248272423,0.0700779220779222,0.08477922077922082

1248272424,0.0694875000000001,0.07140000000000002

1248272425,0.07137179487179493,0.13076923076923078

1248272426,0.06807042253521134,0.022985915492957747

1248272427,0.06877500000000011,0.056100000000000004

1248272428,0.07351428571428582,0.1398857142857143

1248272429,0.03731707317073171,0.09951219512195127

1248272430,0.018611111111111103,0.0

1248272431,0.07136842105263168,0.1127368421052632

1248272432,0.06892405063291149,0.04131645569620253

1248272433,0.0718750000000001,0.1246666666666667

1248272434,0.06647297297297307,0.027567567567567567

1248272435,0.06978666666666677,0.059840000000000004

1248272436,0.06700000000000009,0.0

1248272437,0.07054666666666673,0.07616000000000002

1248272438,0.07325000000000009,0.13421052631578947

1248272439,0.06556338028169015,0.005746478873239437

1248272440,0.06655263157894743,0.07515789473684213

1248272441,0.06630263157894734,0.10736842105263163

1248272442,0.06635211267605634,0.09769014084507045

1248272443,0.06109589041095888,0.05589041095890411

1248272444,0.060133333333333344,0.059840000000000004

1248272445,0.05582499999999997,0.045899999999999996

1248272446,0.057633802816901405,0.06321126760563381

1248272447,0.05037499999999993,0.0

1248272448,0.06022784810126578,0.13427848101265824

1248272449,0.04638888888888882,0.0

1248272450,0.050282051282051286,0.057538461538461545

1248272451,0.04349333333333339,0.0

1248272452,0.05625316455696205,0.13944303797468355

1248272453,0.04827848101265823,0.07230379746835446

1248272454,0.0450506329113923,0.06713924050632913

1248272455,0.036520000000000004,0.0

1248272456,0.04863157894736846,0.1127368421052632

1248272457,0.03455999999999995,0.0

1248272458,0.041214285714285696,0.06258571428571429

1248272459,0.03160869565217391,0.0

1248272460,0.03515942028985508,0.03869565217391305

1248272461,0.04195454545454542,0.09130303030303032

1248272462,0.028246376811594223,0.0

1248272463,0.03690909090909094,0.04650000000000001

1248272464,0.058698630136986264,-0.13630136986301367

1248272465,0.08364383561643841,-0.3870958904109587

1248272466,0.08044155844155847,-0.3537142857142857

1248272467,0.0681599999999999,-0.10947999999999995

1248272468,0.06620512820512829,-0.0017307692307692302

1248272469,0.0670454545454546,0.003651515151515151

1248272470,0.06700000000000007,0.0042461538461538465

1248272471,0.06700000000000007,0.0058571428571428585

1248272472,0.07168181818181815,-0.14363636363636365

1248272473,0.07160294117647058,-0.24138235294117644

1248272474,0.06957812500000007,-0.08818750000000003

1248272475,0.0660563380281691,0.0

1248272476,0.06614102564102572,0.0

1248272477,0.0733333333333334,0.136

1248272478,0.08395890410958905,0.3893150684931506

1248272479,0.07426666666666673,0.2715733333333332

1248272480,0.07104109589041097,0.1621643835616439

1248272481,0.06924324324324324,-0.10105405405405404

1248272482,0.07727272727272717,-0.31262337662337664

1248272483,0.07416,-0.23549333333333328

1248272484,0.06518918918918927,0.0

1248272485,0.07350649350649355,0.20459740259740256

1248272486,0.06941095890410967,0.07968493150684931

1248272487,0.06606944444444453,0.0

1248272488,0.06611842105263166,0.0

1248272489,0.06612987012987022,0.0

1248272490,0.06611842105263166,0.0

1248272491,0.06609459459459469,0.0

1248272492,0.06609459459459469,0.0

1248272493,0.06516438356164392,0.0

1248272494,0.06998571428571439,0.06411428571428572

1248272495,0.07324657534246576,0.1341369863013699

1248272496,0.07460000000000001,0.16319999999999998

1248272497,0.027409090909090893,-0.30354545454545456

1248272498,0.0,-0.28334999999999994

1248272499,0.0,0.24492857142857147

1248272500,0.0,-0.19456603773584902

1248272501,0.0,0.3102765957446809

1248272502,0.0,-0.07547058823529407

1248272503,0.0,0.07220833333333333

1248272504,0.0,0.1579375000000001

1248272505,0.0,0.10241666666666664

1248272506,0.06629166666666664,0.4136666666666668

1248272507,0.0602553191489362,0.04163829787234042

1248272508,0.06337499999999995,0.07185416666666665

1248272509,0.0521818181818182,0.010409090909090896

1248272510,0.047428571428571445,0.03928571428571427

1248272511,0.06652083333333328,0.2021666666666667

1248272512,0.06736231884057968,0.1375072463768116

1248272513,0.06946753246753258,0.052987012987012985

1248272514,0.0662777777777778,0.03777777777777778

1248272515,0.07510294117647072,0.174

1248272516,0.07214583333333337,0.11050000000000003

1248272517,0.020039999999999995,-0.16735999999999998

1248272518,0.0,-0.16473469387755096

1248272519,0.0,0.22514893617021275

1248272520,0.0,0.06261224489795915

1248272521,0.0,-0.3322127659574469

1248272522,0.0,-0.23910416666666665

1248272523,0.0,-0.0431063829787234

1248272524,0.0,-0.1531

1248272525,0.0,0.03287755102040815

1248272526,0.0,-0.09968750000000003

1248272527,0.0,-0.1915555555555556

1248272528,0.0,0.11089130434782621

1248272529,0.0,-0.19874418604651162

1248272530,0.02457142857142857,0.22108163265306127

1248272531,0.0,-0.18545833333333328

1248272532,0.00548936170212766,0.11527659574468087

1248272533,0.04300000000000001,0.09802083333333332

1248272534,0.03228888888888889,-0.2805555555555556

1248272535,0.048558823529411765,-0.2355

1248272536,0.0426190476190476,-0.09930952380952382

1248272537,0.06432000000000004,0.0

1248272538,0.05888636363636361,0.002363636363636345

1248272539,0.04350000000000001,-0.06829545454545458

1248272540,0.06210638297872343,-0.05363829787234043

1248272541,0.04293478260869563,-0.08104347826086962

1248272542,0.026490566037735846,-0.20052830188679233

1248272543,0.0,0.013627906976744151

1248272544,0.0,-0.370390243902439

1248272545,0.017199999999999997,-0.49634285714285714

1248272546,0.08147368421052628,-0.3770526315789472

1248272547,0.08108571428571426,-0.37525714285714273

1248272548,0.08361111111111108,-0.3869444444444443

1248272549,0.08600000000000002,-0.39799999999999996

1248272550,0.05267741935483872,-0.24383870967741933

1248272551,0.07206976744186049,-0.225767441860465

1248272552,0.06469565217391313,0.028521739130434764

1248272553,0.06700000000000007,0.003303030303030304

1248272554,0.08469565217391299,-0.38233333333333325

1248272555,0.0744912280701755,-0.28787719298245606

1248272556,0.07253731343283583,-0.18165671641791045

1248272557,0.06516438356164392,0.0

1248272558,0.06601470588235302,0.0

1248272559,0.06502941176470596,0.0

1248272560,0.06600000000000007,0.0

1248272561,0.0700645161290323,0.06580645161290323

1248272562,0.07152380952380956,0.09714285714285717

1248272563,0.0733194444444445,0.17566666666666664

1248272564,0.06925373134328358,0.09134328358208958

1248272565,0.07182089552238805,0.10352238805970153

1248272566,0.07080000000000006,0.08160000000000002

1248272567,0.06840298507462696,0.07307462686567165

1248272568,0.07068656716417919,0.07916417910447764

1248272569,0.06949180327868856,0.10531147540983606

1248272570,0.06825373134328366,0.0764179104477612

1248272571,0.06900000000000003,0.05926984126984127

1248272572,0.06884057971014501,0.09191304347826088

1248272573,0.0691714285714285,0.08691428571428574

1248272574,0.06719402985074636,0.01168656716417911

1248272575,0.06490625000000007,0.008031250000000002

1248272576,0.06706944444444454,0.013069444444444455

1248272577,0.06700000000000007,0.0059104477611940315

1248272578,0.06606944444444453,0.0071388888888888925

1248272579,0.066082191780822,0.0059452054794520565

1248272580,0.06490625000000007,0.002859375

1248272581,0.06580357142857149,0.0

1248272582,0.06420833333333337,0.0

1248272583,0.06425490196078432,0.0

1248272584,0.06395555555555554,0.0

1248272585,0.07504255319148934,0.22680851063829788

1248272586,0.07161363636363635,0.3192954545454544

1248272587,0.05993181818181823,0.21454545454545454

1248272588,0.0489245283018868,0.05152830188679246

1248272589,0.045933333333333326,0.0

1248272590,0.04465217391304349,0.0

1248272591,0.041608695652173885,0.0

1248272592,0.039106382978723396,0.0

1248272593,0.03674418604651165,0.0

1248272594,0.03927659574468082,0.0

1248272595,0.06466666666666664,-0.2321666666666666

1248272596,0.04254761904761907,-0.037904761904761906

1248272597,0.04663829787234038,-0.0846808510638298

1248272598,0.05576744186046514,-0.15734883720930232

1248272599,0.04034782608695654,-0.034608695652173914

1248272600,0.04446938775510201,-0.07310204081632654

1248272601,0.0405714285714286,-0.05685714285714287

1248272602,0.0577708333333333,-0.18216666666666667

1248272603,0.06672916666666667,-0.24824999999999994

1248272604,0.06970370370370373,-0.10053703703703706

1248272605,0.06395454545454547,0.007204545454545456

1248272606,0.06700000000000003,0.0019347826086956526

1248272607,0.06432142857142857,0.0445

1248272608,0.060771428571428615,0.08235714285714286

1248272609,0.04682352941176474,0.14108823529411765

1248272610,0.03869999999999995,0.0

1248272611,0.03636764705882355,0.0

1248272612,0.03548051948051951,0.0

1248272613,0.03316216216216215,0.0

1248272614,0.03208219178082196,0.0

1248272615,0.030136986301369854,0.0

1248272616,0.029166666666666636,0.0

1248272617,0.02761111111111113,0.0

1248272618,0.027394736842105267,0.0

1248272619,0.04572972972972977,0.0

1248272620,0.06700000000000009,0.0

1248272621,0.08191428571428576,0.36137142857142884

1248272622,0.0844642857142857,0.4007142857142859

1248272623,0.08600000000000008,0.4080000000000005

1248272624,0.08600000000000003,0.40800000000000036

1248272625,0.08318032786885247,0.3946229508196724

1248272626,0.08292857142857142,0.3934285714285716

1248272627,0.08331250000000003,0.3952500000000003

1248272628,0.08225396825396825,0.3759999999999999

1248272629,0.06730000000000005,0.09350000000000006

1248272630,0.0720735294117647,-0.2106176470588235

1248272631,0.0718805970149254,-0.1615373134328358

1248272632,0.06700000000000007,0.0

1248272633,0.06700000000000007,0.0

1248272634,0.06700000000000007,0.0

1248272635,0.06598484848484856,0.0

1248272636,0.06601470588235302,0.0

1248272637,0.07262318840579708,0.14185507246376813

1248272638,0.06907246376811596,0.07615942028985508

1248272639,0.06906578947368432,0.08044736842105261

1248272640,0.06893333333333343,0.08208

1248272641,0.0665428571428572,0.05922857142857143

1248272642,0.06645333333333339,0.01894666666666666

1248272643,0.067661971830986,0.0330281690140845

1248272644,0.08410526315789472,0.3965789473684211

1248272645,0.07715277777777779,0.2955555555555555

1248272646,0.07200000000000002,0.19054666666666667

1248272647,0.06700000000000009,0.0

1248272648,0.06700000000000007,0.0

1248272649,0.06700000000000007,0.0

1248272650,0.06700000000000009,0.0

1248272651,0.06700000000000007,0.0

1248272652,0.06700000000000009,0.0

1248272653,0.06700000000000009,0.0

1248272654,0.062267605633802785,-0.09529577464788731

1248272655,0.030157142857142865,0.0

1248272656,0.05684931506849313,-0.1908219178082191

1248272657,0.05470588235294106,-0.1755882352941176

1248272658,0.02896491228070173,0.0

1248272659,0.028999999999999963,0.0

1248272660,0.028400000000000022,0.0

1248272661,0.02800000000000002,0.0

1248272662,0.027626666666666685,0.0

1248272663,0.02761111111111113,0.0

1248272664,0.027616438356164404,0.0

1248272665,0.027176470588235316,0.0

1248272666,0.028000000000000018,0.0

1248272667,0.05345714285714282,-0.13645714285714283

1248272668,0.06713636363636372,-0.024090909090909097

1248272669,0.035465753424657555,-0.10876712328767124

1248272670,0.020255813953488362,0.0

1248272671,0.0673432835820896,-0.03334328358208955

1248272672,0.06762121212121219,-0.04480303030303031

1248272673,0.06701470588235298,-0.06051470588235294

1248272674,0.0708030303030304,-0.11634848484848488

1248272675,0.06863768115942034,-0.06266666666666666

1248272676,0.06833333333333327,-0.051072463768115944

1248272677,0.06719696969696978,-0.012000000000000007

1248272678,0.06700000000000007,-0.0007230769230769225

1248272679,0.06673913043478263,0.0060144927536231905

1248272680,0.06305555555555556,0.0

1248272681,0.05964285714285714,0.0

1248272682,0.05610000000000005,0.0

1248272683,0.05334722222222219,0.0

1248272684,0.051358208955223916,0.0

1248272685,0.04939726027397258,0.0

1248272686,0.04755714285714293,0.0

1248272687,0.06788888888888876,-0.09519444444444441

1248272688,0.06734285714285725,-0.023028571428571426

1248272689,0.06700000000000009,0.005239436619718311

1248272690,0.06700000000000009,0.001552631578947369

1248272691,0.06700000000000009,0.004054054054054054

1248272692,0.06700000000000009,-0.000753424657534247

1248272693,0.06613698630136995,-0.011013698630136994

1248272694,0.06700000000000009,-0.000697368421052632

1248272695,0.06700000000000009,-0.0099718309859155

1248272696,0.0676582278481012,0.026151898734177212

1248272697,0.06733333333333337,-0.015833333333333338

1248272698,0.06703846153846163,-0.01196153846153847

1248272699,0.06700000000000009,0.002589041095890412

1248272700,0.08375000000000006,-0.36979166666666646

1248272701,0.08475362318840585,-0.20534782608695623

1248272702,0.0798412698412698,0.3386666666666667

1248272703,0.07476119402985071,0.24447761194029838

1248272704,0.06871232876712337,0.05806849315068493

1248272705,0.06700000000000009,0.0

1248272706,0.06700000000000009,0.0

1248272707,0.06700000000000009,0.0

1248272708,0.06761842105263167,0.032210526315789474

1248272709,0.08333783783783785,0.38933783783783776

1248272710,0.07535135135135142,0.2772432432432431

1248272711,0.07017105263157897,0.16155263157894748

1248272712,0.06609459459459469,0.0

1248272713,0.06700000000000009,0.0

1248272714,0.06525974025974035,0.0

1248272715,0.06537662337662338,0.0

1248272716,0.06095714285714282,0.0

1248272717,0.05960810810810811,0.0

1248272718,0.05785714285714284,0.0

1248272719,0.059342465753424695,-0.04365753424657535

1248272720,0.057864864864864876,-0.049486486486486486

1248272721,0.0649066666666666,-0.052306666666666654

1248272722,0.06653521126760574,-0.02733802816901407

1248272723,0.0660563380281691,-0.0063943661971831

1248272724,0.0670259740259741,-0.004935064935064935

1248272725,0.06516438356164392,-0.0020273972602739714

1248272726,0.06700000000000009,-0.005040540540540543

1248272727,0.06606944444444453,-0.009875000000000005

1248272728,0.0660563380281691,-0.002760563380281691

1248272729,0.06609459459459469,-0.00291891891891892

1248272730,0.06610666666666676,-0.0030533333333333345

1248272731,0.06700000000000009,-0.009266666666666673

1248272732,0.057079999999999985,-0.10328000000000005

1248272733,0.04549315068493151,-0.18346575342465749

1248272734,0.041000000000000016,-0.16049999999999995

1248272735,0.03725352112676052,-0.13405633802816902

1248272736,0.030356164383561604,-0.020972602739726023

1248272737,0.02735135135135137,0.0

1248272738,0.04656944444444449,0.0

1248272739,0.06609459459459469,0.0

1248272740,0.06700000000000009,0.0

1248272741,0.06700000000000007,0.0

1248272742,0.06610666666666676,0.0

1248272743,0.06796153846153856,-0.05612820512820514

1248272744,0.08493827160493836,-0.3930864197530862

1248272745,0.08600000000000006,-0.3979999999999998

1248272746,0.08370666666666673,-0.38738666666666643

1248272747,0.08397402597402605,-0.26536363636363625

1248272748,0.07527631578947364,0.2914473684210526

1248272749,0.0733287671232877,0.20543835616438358

1248272750,0.06700000000000007,0.0

1248272751,0.06580357142857149,0.0

1248272752,0.06591935483870974,0.0

1248272753,0.06505797101449283,0.0

1248272754,0.06502941176470596,0.0

1248272755,0.06493846153846161,0.0

1248272756,0.06502941176470596,0.0

1248272757,0.0718823529411765,-0.12291176470588233

1248272758,0.06980281690140852,-0.07847887323943661

1248272759,0.06813432835820904,-0.023761194029850746

1248272760,0.07374193548387108,-0.14122580645161287

1248272761,0.07422535211267614,-0.1513521126760563

1248272762,0.07280555555555555,-0.12161111111111109

1248272763,0.0742716049382717,-0.15232098765432092

1248272764,0.06965333333333344,-0.07429333333333334

1248272765,0.06711250000000009,-0.0199

1248272766,0.07097297297297309,-0.10218918918918916

1248272767,0.07155844155844165,-0.1137142857142857

1248272768,0.07192405063291141,-0.12091139240506327

1248272769,0.06937500000000003,-0.04975000000000001

1248272770,0.07333333333333336,-0.13266666666666663

1248272771,0.0681538461538462,-0.06735384615384617

1248272772,0.07143333333333342,-0.09286666666666667

1248272773,0.07246575342465765,-0.11449315068493149

1248272774,0.07189062500000011,-0.12437499999999997

1248272775,0.06953521126760574,-0.07287323943661972

1248272776,0.06968656716417918,-0.07722388059701493

1248272777,0.07188709677419348,-0.14764516129032254

1248272778,0.07117333333333341,-0.10613333333333332

1248272779,0.06957142857142865,-0.07391428571428572

1248272780,0.06884415584415594,-0.05685714285714287

1248272781,0.06862857142857151,-0.03411428571428572

1248272782,0.07350684931506858,-0.13630136986301367

1248272783,0.07016666666666675,-0.06633333333333336

1248272784,0.08314705882352944,-0.36211764705882343

1248272785,0.07633802816901415,-0.2822253521126759

1248272786,0.0708378378378379,-0.12775675675675677

1248272787,0.06700000000000009,0.0

1248272788,0.06700000000000009,0.0

1248272789,0.029693181818181823,0.0

1248272790,0.016749999999999994,0.0

1248272791,0.06609459459459469,0.0

1248272792,0.06777027027027036,0.01654054054054054

1248272793,0.07487142857142869,0.16902857142857142

1248272794,0.06833802816901416,0.028732394366197185

1248272795,0.07231578947368432,0.13547368421052638

1248272796,0.0714794520547946,0.15202739726027392

1248272797,0.06848000000000001,0.08818666666666665

1248272798,0.06646753246753258,0.021363636363636328

1248272799,0.06580357142857149,0.000321428571428572

1248272800,0.06700000000000009,0.0029054054054054057

1248272801,0.06623188405797108,0.01689855072463768

1248272802,0.06539743589743592,0.009435897435897438

1248272803,0.06633333333333344,0.014106666666666665

1248272804,0.06715151515151524,0.01763636363636363

1248272805,0.06700000000000009,0.004753246753246755

1248272806,0.06700000000000009,-0.004098591549295775

1248272807,0.07336363636363634,-0.1758333333333333

1248272808,0.07188524590163939,-0.16000000000000003

1248272809,0.06700000000000009,0.0

1248272810,0.06700000000000009,0.0

1248272811,0.06700000000000005,0.0

1248272812,0.0623472222222223,0.0

1248272813,0.07246575342465755,0.11736986301369867

1248272814,0.07215714285714292,0.11074285714285718

1248272815,0.06700000000000009,0.0

1248272816,0.075887323943662,0.2191549295774648

1248272817,0.07731578947368416,0.2985657894736842

1248272818,0.07344444444444448,0.21001388888888897

1248272819,0.06700000000000009,0.0

1248272820,0.07342647058823534,0.13800000000000004

1248272821,0.08124561403508773,0.3585964912280702

1248272822,0.07435937500000012,0.22601562500000003

1248272823,0.06700000000000009,0.0

1248272824,0.027218749999999986,-0.33309375

1248272825,0.0,0.0029696969696969486

1248272826,0.0,-0.2560344827586206

1248272827,0.0,0.10955

1248272828,0.0,-0.054053571428571444

1248272829,0.0,-0.1947391304347827

1248272830,0.0,-0.06170212765957446

1248272831,0.0,-0.14886363636363636

1248272832,0.0,-0.0024615384615384616

1248272833,0.0,0.007913043478260875

1248272834,0.0,0.007680000000000005

1248272835,0.0,0.007680000000000005

1248272836,0.0,0.007803921568627456

1248272837,0.011217391304347823,0.25552173913043474

1248272838,0.08599999999999995,0.4080000000000001

1248272839,0.08298245614035087,0.393684210526316

1248272840,0.08278378378378384,0.3892837837837841

1248272841,0.07084507042253518,0.2528732394366196

1248272842,0.06131578947368427,0.06886842105263156

1248272843,0.05694594594594594,0.0

1248272844,0.054985915492957824,0.0

1248272845,0.0528266666666666,0.0

1248272846,0.05235135135135131,0.0

1248272847,0.05222058823529408,0.0

1248272848,0.05218461538461535,0.0

1248272849,0.07440000000000002,0.27394285714285715

1248272850,0.08357746478873244,0.39650704225352157

1248272851,0.08478873239436625,0.402253521126761

1248272852,0.08600000000000006,0.4080000000000005

1248272853,0.08535294117647055,0.40294117647058836

1248272854,0.07301250000000001,0.19338750000000007

1248272855,0.06628378378378387,0.008054054054054058

1248272856,0.06609459459459469,-0.007729729729729732

1248272857,0.06595238095238101,0.006984126984126987

1248272858,0.06611842105263166,-0.008855263157894741

1248272859,0.06521333333333341,0.0038400000000000005

1248272860,0.06700000000000009,0.003942028985507248

1248272861,0.06602898550724645,0.001521739130434782

1248272862,0.05835185185185182,-0.0002777777777777777

1248272863,0.046545454545454557,-0.007090909090909094

1248272864,0.04720270270270271,-0.009418918918918924

1248272865,0.05011764705882357,-0.013926470588235302

1248272866,0.041830985915492946,-0.011338028169014087

1248272867,0.04678205128205137,-0.02138461538461539

1248272868,0.04118666666666662,-0.018773333333333336

1248272869,0.028189655172413813,0.0

1248272870,0.04614473684210525,-0.0410921052631579

1248272871,0.06748529411764702,-0.05911764705882354

1248272872,0.0786533333333334,0.27301333333333344

1248272873,0.08437735849056602,0.400301886792453

1248272874,0.08347058823529416,0.39600000000000035

1248272875,0.08600000000000008,0.4080000000000005

1248272876,0.08600000000000006,0.4080000000000005

1248272877,0.08599999999999994,0.408

1248272878,0.07650000000000007,0.20399999999999993

1248272879,0.06700000000000009,0.0

1248272880,0.06700000000000009,0.0

1248272881,0.06700000000000007,0.0

1248272882,0.06700000000000007,0.0

1248272883,0.07162820512820514,0.09938461538461543

1248272884,0.07565822784810133,0.18592405063291134

1248272885,0.07911111111111116,0.31793055555555527

1248272886,0.07134666666666671,0.14354666666666668

1248272887,0.06700000000000009,0.0

1248272888,0.06700000000000009,0.0

1248272889,0.06700000000000009,0.0

1248272890,0.06700000000000009,0.0

1248272891,0.06600000000000007,0.0

1248272892,0.06700000000000009,0.0

1248272893,0.06700000000000009,0.0

1248272894,0.08185333333333336,-0.3476533333333332

1248272895,0.07466216216216222,-0.26848648648648643

1248272896,0.07065277777777784,-0.12293055555555564

1248272897,0.06700000000000009,0.0

1248272898,0.06700000000000009,0.0

1248272899,0.07023529411764703,0.1050441176470588

1248272900,0.06476388888888897,0.025708333333333333

1248272901,0.06023529411764709,0.0

1248272902,0.05667123287671235,0.0

1248272903,0.053597222222222206,0.0

1248272904,0.051445945945946,0.0

1248272905,0.04927142857142855,0.0

1248272906,0.05687142857142865,0.0

1248272907,0.06902666666666676,0.043519999999999996

1248272908,0.08600000000000005,0.4080000000000004

1248272909,0.036857142857142845,0.1748571428571428

1248272910,0.028666666666666663,0.13599999999999998

1248272911,0.07802816901408453,0.30832394366197186

1248272912,0.07401470588235289,-0.2141029411764706

1248272913,0.06839436619718318,-0.04864788732394366

1248272914,0.066082191780822,0.0

1248272915,0.06487142857142854,0.0

1248272916,0.06145070422535203,0.0

1248272917,0.059434782608695676,0.0

1248272918,0.05736986301369858,0.0

1248272919,0.06406756756756755,0.11494594594594595

1248272920,0.06009722222222221,0.09343055555555556

1248272921,0.05663235294117644,0.04267647058823529

1248272922,0.06089855072463772,0.09431884057971013

1248272923,0.051583333333333294,0.016166666666666666

1248272924,0.06544594594594585,0.09025675675675676

1248272925,0.06635897435897446,0.01558974358974357

1248272926,0.06604285714285722,0.01021428571428572

1248272927,0.06606944444444453,0.00880555555555556

1248272928,0.06627272727272734,0.013246753246753253

1248272929,0.06602898550724645,-7.246376811594185e-05

1248272930,0.06602898550724645,0.007173913043478264

1248272931,0.06511267605633811,0.010352112676056346

1248272932,0.06702777777777785,0.012194444444444452

1248272933,0.06617808219178088,0.014520547945205487

1248272934,0.06700000000000009,0.004623376623376626

1248272935,0.0661625000000001,0.010875000000000006

1248272936,0.06609459459459469,0.005878378378378381

1248272937,0.06606944444444453,0.011194444444444451

1248272938,0.06600000000000007,0.006507462686567168

1248272939,0.08295652173913048,-0.3745652173913041

1248272940,0.0847164179104478,-0.019134328358208882

1248272941,0.08388405797101446,0.3951014492753624

1248272942,0.0751891891891891,0.29083783783783784

1248272943,0.0722739726027397,0.22813698630136978

1248272944,0.06750704225352121,0.01752112676056338

1248272945,0.06700000000000009,0.0

1248272946,0.06700000000000009,0.0

1248272947,0.06595312500000007,0.0

1248272948,0.06604285714285722,0.0

1248272949,0.066082191780822,0.0

1248272950,0.0660563380281691,0.0

1248272951,0.06657971014492761,-0.011536231884057972

1248272952,0.07012328767123296,-0.06542465753424659

1248272953,0.07098684210526315,-0.12044736842105261

1248272954,0.07035443037974694,-0.10579746835443037

1248272955,0.0675135135135136,-0.010756756756756757

1248272956,0.07220547945205491,-0.10904109589041093

1248272957,0.07116438356164385,-0.08723287671232877

1248272958,0.07306944444444449,-0.12713888888888886

1248272959,0.06611842105263166,0.0

1248272960,0.0732857142857143,-0.14989610389610386

1248272961,0.07128169014084512,-0.08969014084507042

1248272962,0.0737500000000001,-0.1413947368421052

1248272963,0.06927848101265834,-0.06549367088607595

1248272964,0.06570270270270279,-0.010756756756756757

1248272965,0.0728333333333334,-0.15817948717948713

1248272966,0.0662941176470589,-0.0058529411764705885

1248272967,0.07333333333333346,-0.13266666666666665

1248272968,0.0738615384615385,-0.16532307692307688

1248272969,0.07390909090909092,-0.1447272727272727

1248272970,0.0719333333333334,-0.1220533333333333

1248272971,0.0686507936507937,-0.05685714285714287

1248272972,0.07087323943661981,-0.10090140845070421

1248272973,0.07147222222222227,-0.13266666666666663

1248272974,0.07081818181818182,-0.09820779220779219

1248272975,0.07150000000000009,-0.09426315789473683

1248272976,0.06612987012987022,0.0

1248272977,0.06647297297297307,-0.026891891891891895

1248272978,0.07195652173913047,-0.10382608695652172

1248272979,0.06963888888888896,-0.05527777777777779

1248272980,0.06611842105263166,0.0

1248272981,0.07333333333333344,-0.13266666666666663

1248272982,0.0741857142857143,-0.1705714285714285

1248272983,0.06946575342465755,-0.07087671232876713

1248272984,0.06788000000000009,-0.037146666666666675

1248272985,0.07024657534246585,-0.08723287671232877

1248272986,0.06873239436619728,-0.05605633802816903

1248272987,0.0711410256410257,-0.08674358974358973

1248272988,0.06528205128205136,0.0

1248272989,0.07118181818181822,-0.12405194805194802

1248272990,0.07392857142857141,-0.1478285714285714

1248272991,0.0708846153846154,-0.11735897435897434

1248272992,0.061155844155844095,0.0

1248272993,0.06521917808219177,-0.07632876712328768

1248272994,0.061513513513513494,-0.05916216216216218

1248272995,0.0643661971830986,-0.11771830985915491

1248272996,0.05636842105263153,-0.031421052631578954

1248272997,0.06264935064935055,-0.12922077922077918

1248272998,0.05847999999999993,-0.10082666666666665

1248272999,0.048173333333333325,0.0

1248273000,0.05940789473684217,-0.1413947368421052

1248273001,0.06414084507042246,-0.18498591549295768

1248273002,0.05532432432432437,-0.11616216216216214

1248273003,0.04192105263157888,0.0

1248273004,0.04128947368421051,-0.007907894736842105

1248273005,0.049213333333333414,-0.07789333333333333

1248273006,0.047434210526315745,-0.0460263157894737

1248273007,0.0649014084507043,-0.012464788732394368

1248273008,0.06686842105263152,0.030434210526315786

1248273009,0.06608571428571428,0.05025714285714287

1248273010,0.0671351351351351,0.0549324324324324

1248273011,0.06718055555555552,0.056041666666666656

1248273012,0.06642666666666669,0.055773333333333355

1248273013,0.0504246575342465,0.10480821917808225

1248273014,0.043369863013698676,0.15808219178082192

1248273015,0.06343055555555555,0.240986111111111

1248273016,0.0757763157894737,0.27405263157894727

1248273017,0.06856338028169008,0.06153521126760563

1248273018,0.06788,0.03317333333333332

1248273019,0.06739436619718314,0.025605633802816875

1248273020,0.06541095890410968,0.02106849315068493

1248273021,0.0663239436619719,0.006056338028169008

1248273022,0.05437333333333325,-0.17923999999999973

1248273023,0.061194444444444475,0.029180555555555612

1248273024,0.06615384615384612,0.13770512820512848

1248273025,0.052364864864864864,-0.0979189189189189

1248273026,0.07552857142857146,0.27854285714285715

1248273027,0.0554189189189189,0.09556756756756757

1248273028,0.04012500000000002,0.06690277777777773

1248273029,0.04016666666666665,0.06916666666666665

1248273030,0.05305128205128204,0.21830769230769237

1248273031,0.02727419354838704,0.002145161290322594

1248273032,0.009000000000000005,-0.09700000000000014

1248273033,0.009000000000000005,-0.10649180327868853

1248273034,0.009000000000000005,-0.13562500000000008

1248273035,0.009000000000000005,-0.13145238095238096

1248273036,0.00847727272727273,-0.11759090909090912

1248273037,0.007818181818181823,-0.07920454545454546

1248273038,0.008000000000000005,0.0

1248273039,0.008000000000000005,0.0

1248273040,0.008000000000000005,0.0

1248273041,0.03273333333333332,0.0

1248273042,0.06700000000000002,0.0

1248273043,0.06420833333333337,0.0

1248273044,0.06700000000000003,0.0

1248273045,0.08483076923076928,-0.3735076923076921

1248273046,0.08600000000000006,-0.3979999999999998

1248273047,0.08586764705882353,-0.39741176470588213

1248273048,0.07359722222222226,-0.22413888888888892

1248273049,0.0675945945945947,-0.02951351351351349

1248273050,0.074041095890411,-0.22172602739726033

1248273051,0.06961842105263166,-0.0890526315789474

1248273052,0.07617808219178085,-0.25104109589041096

1248273053,0.07484931506849313,-0.24930136986301357

1248273054,0.0801948051948052,0.31677922077922077

1248273055,0.07569696969696973,0.26528787878787885

1248273056,0.06951923076923083,0.08265384615384617

1248273057,0.0754893617021277,-0.2594680851063829

1248273058,0.06697826086956526,-0.14365217391304352

1248273059,0.06420833333333337,0.0

1248273060,0.050399999999999945,0.0

1248273061,0.03159574468085105,0.0

1248273062,0.03149999999999999,0.0

1248273063,0.031808510638297885,0.0

1248273064,0.03327659574468088,0.0

1248273065,0.05906666666666666,-0.20342222222222217

1248273066,0.08420833333333327,-0.38970833333333316

1248273067,0.08413043478260863,-0.3893478260869564

1248273068,0.06391489361702123,0.08082978723404251

1248273069,0.0516595744680851,0.23736170212765959

1248273070,0.0453191489361702,0.1983829787234043

1248273071,0.04289130434782607,0.16467391304347825

1248273072,0.03489130434782607,0.015956521739130435

1248273073,0.034255319148936154,0.0

1248273074,0.03284615384615387,0.0

1248273075,0.03400000000000002,0.0

1248273076,0.03400000000000002,0.0

1248273077,0.03252173913043481,0.0

1248273078,0.05039024390243901,0.0

1248273079,0.08357446808510632,0.35591489361702117

1248273080,0.08391111111111108,0.39775555555555536

1248273081,0.07410638297872339,0.21691489361702132

1248273082,0.0659347826086957,0.020804347826086964

1248273083,0.06554347826086959,0.006304347826086958

1248273084,0.0656041666666667,0.007520833333333338

1248273085,0.06700000000000007,0.0042812499999999995

1248273086,0.06700000000000009,0.002647887323943663

1248273087,0.0670135135135136,0.004675675675675677

1248273088,0.06700000000000009,0.005545454545454547

1248273089,0.06708474576271192,0.0014745762711864403

1248273090,0.06704347826086965,0.006797101449275365

1248273091,0.06700000000000007,-0.0025312500000000005

1248273092,0.06704109589041102,0.0016027397260273968

1248273093,0.06605882352941184,0.008852941176470591

1248273094,0.06700000000000009,0.0030958904109589054

1248273095,0.07593055555555554,0.26559722222222226

1248273096,0.07312162162162167,0.19871621621621624

1248273097,0.06700000000000009,0.0

1248273098,0.06700000000000009,0.0

1248273099,0.06700000000000009,0.0

1248273100,0.06700000000000009,0.0

1248273101,0.06700000000000009,0.0

1248273102,0.06700000000000009,0.0

1248273103,0.06700000000000009,0.0

1248273104,0.06700000000000009,0.0

1248273105,0.06977631578947366,-0.11147368421052635

1248273106,0.05995945945945944,-0.05859459459459461

1248273107,0.06428169014084503,-0.10963380281690142

1248273108,0.06366666666666672,-0.08841025641025639

1248273109,0.05341891891891891,-0.012945945945945945

1248273110,0.06700000000000002,-0.040150684931506836

1248273111,0.06606944444444453,-0.011250000000000005

1248273112,0.06700000000000009,-0.005263888888888891

1248273113,0.057942857142857115,-0.17912857142857153

1248273114,0.0486,-0.1942500000000001

1248273115,0.0434605263157895,-0.15665789473684208

1248273116,0.040054794520547964,-0.09619178082191782

1248273117,0.034225352112676015,0.0

1248273118,0.03291935483870967,0.0

1248273119,0.030919999999999993,0.0

1248273120,0.029249999999999984,0.0

1248273121,0.02788571428571431,0.0

1248273122,0.0361578947368421,0.12152631578947368

1248273123,0.0441063829787234,0.27668085106382995

1248273124,0.033523809523809525,0.29728571428571426

1248273125,0.0,0.18051063829787234

1248273126,0.0,-0.05543750000000009

1248273127,0.0,-0.045553191489361676

1248273128,0.0,-0.08675000000000002

1248273129,0.0,-0.13769767441860467

1248273130,0.0,-0.1269642857142857

1248273131,0.0,0.013017543859649153

1248273132,0.0,-0.27079591836734695

1248273133,0.0,0.13165517241379307

1248273134,0.0,-0.20456451612903226

1248273135,0.0,0.21757446808510653

1248273136,0.0,-0.34349999999999997

1248273137,0.0,0.2060000000000001

1248273138,0.0,-0.2171521739130435

1248273139,0.0,0.12215384615384622

1248273140,0.0,-0.20400000000000004

1248273141,0.0,0.08769767441860465

1248273142,0.0,-0.20562500000000014

1248273143,0.0,-0.17766666666666664

1248273144,0.0,-0.02057777777777775

1248273145,0.0,0.013065217391304326

1248273146,0.0,-0.2906595744680851

1248273147,0.0,0.2182826086956523

1248273148,0.0,-0.14094999999999996

1248273149,0.0,0.07463013698630139

1248273150,0.0,-0.07556578947368421

1248273151,0.0,0.10608888888888891

1248273152,0.0,-0.21897727272727271

1248273153,0.0,0.1597045454545454

1248273154,0.0,-0.002627906976744191

1248273155,0.0,-0.23790909090909096

1248273156,0.0,0.21325641025641032

1248273157,0.0,-0.07833333333333332

1248273158,0.0,0.2199069767441861

1248273159,0.0,-0.2954418604651163

1248273160,0.0,0.20686363636363644

1248273161,0.0,-0.20695348837209304

1248273162,0.0,0.09465217391304348

1248273163,0.0,-0.18243478260869564

1248273164,0.0,-0.09202222222222224

1248273165,0.0,-0.17295348837209304

1248273166,0.0,-0.219304347826087

1248273167,0.0,0.19860000000000005

1248273168,0.011217391304347823,0.5200869565217394

1248273169,0.08413043478260863,0.3991304347826087

1248273170,0.08399999999999995,0.39851162790697664

1248273171,0.08215555555555555,0.37884444444444443

1248273172,0.0652444444444445,0.0912

1248273173,0.06700000000000003,0.00025

1248273174,0.06447169811320759,0.00530188679245283

1248273175,0.06700000000000003,-0.000565217391304348

1248273176,0.06388372093023258,0.0021627906976744186

1248273177,0.06456363636363642,0.0

1248273178,0.06610666666666676,-0.008960000000000004

1248273179,0.06700000000000009,-0.0017027027027027026

1248273180,0.06612987012987022,0.002415584415584416

1248273181,0.06700000000000009,0.0024

1248273182,0.06700000000000007,-0.0034920634920634934

1248273183,0.06700000000000006,0.0037966101694915256

1248273184,0.08358333333333323,0.37124999999999986

1248273185,0.07228333333333332,0.2901666666666667

1248273186,0.060702127659574494,0.12236170212765958

1248273187,0.053387755102040794,0.0

1248273188,0.05176363636363643,0.0

1248273189,0.04989333333333329,0.0

1248273190,0.04838666666666669,0.0

1248273191,0.04710416666666666,0.0

1248273192,0.06626530612244896,-0.19493877551020403

1248273193,0.06402127659574465,-0.19476595744680847

1248273194,0.060693877551020396,-0.10559183673469388

1248273195,0.05559999999999997,-0.026533333333333332

1248273196,0.05468000000000003,0.0

1248273197,0.05781818181818185,-0.03618181818181818

1248273198,0.06804081632653057,-0.20306122448979586

1248273199,0.051808510638297854,0.0

1248273200,0.05913043478260867,-0.0865217391304348

1248273201,0.05245454545454547,-0.027136363636363636

1248273202,0.04832608695652176,0.0

1248273203,0.06179069767441862,-0.1375348837209302

1248273204,0.06302127659574468,-0.035085106382978806

1248273205,0.05568085106382977,0.05591489361702127

1248273206,0.053531914893616986,0.038659574468085094

1248273207,0.06184615384615382,-0.1211730769230769

1248273208,0.04809090909090908,-0.09045454545454547

1248273209,0.038900000000000025,0.07509999999999996

1248273210,0.05734782608695651,-0.07952173913043485

1248273211,0.058612244897959166,-0.09995918367346936

1248273212,0.06455999999999994,-0.16969999999999996

1248273213,0.05975555555555557,-0.10664444444444447

1248273214,0.057638297872340455,-0.08493617021276599

1248273215,0.05153333333333338,-0.008466666666666685

1248273216,0.06063829787234036,-0.11668085106382979

1248273217,0.0633181818181818,-0.16109090909090906

1248273218,0.046266666666666685,0.006333333333333302

1248273219,0.049122448979591844,-0.028469387755102073

1248273220,0.06433333333333333,-0.18274999999999988

1248273221,0.057847457627118674,-0.11701694915254236

1248273222,0.05419565217391307,-0.0841739130434783

1248273223,0.05088888888888886,-0.05182222222222223

1248273224,0.04008000000000002,-0.026700000000000026

1248273225,0.010981481481481484,0.10368518518518531

1248273226,0.018625000000000006,0.014395833333333337

1248273227,0.025116279069767437,0.0015813953488371874

1248273228,0.021121951219512197,0.0198048780487805

1248273229,0.029209302325581395,-0.0401860465116279

1248273230,0.021818181818181816,0.010590909090909092

1248273231,0.021953488372093023,0.00541860465116278

1248273232,0.050653061224489794,-0.17655102040816312

1248273233,0.03795454545454546,-0.0917272727272727

1248273234,0.025875,-0.01045833333333334

1248273235,0.05646666666666666,-0.20815555555555543

1248273236,0.03963043478260869,-0.10365217391304347

1248273237,0.028066666666666615,-0.03073333333333331

1248273238,0.04003999999999996,-0.10825999999999994

1248273239,0.020803921568627433,0.012411764705882322

1248273240,0.0382708333333333,-0.13635416666666664

1248273241,0.006829268292682931,0.0

1248273242,0.0070000000000000045,0.0

1248273243,0.007000000000000005,0.0

1248273244,0.006857142857142862,0.0

1248273245,0.006854166666666672,0.0

1248273246,0.007000000000000005,0.0

1248273247,0.007000000000000005,0.0

1248273248,0.007000000000000005,0.0

1248273249,0.007000000000000005,0.0

1248273250,0.04334090909090912,0.0

1248273251,0.05242222222222219,0.15477777777777776

1248273252,0.0453673469387755,0.01042857142857143

1248273253,0.04219148936170215,0.0

1248273254,0.041784313725490185,0.0

1248273255,0.04190909090909091,0.0

1248273256,0.03965957446808513,0.0

1248273257,0.03693749999999998,0.0

1248273258,0.03695833333333335,0.0

1248273259,0.05337777777777778,-0.1415111111111111

1248273260,0.04495833333333332,-0.06633333333333334

1248273261,0.04383720930232558,-0.05553488372093024

1248273262,0.03789361702127662,-0.025404255319148934

1248273263,0.04056000000000002,-0.047760000000000004

1248273264,0.044808510638297896,-0.07621276595744682

1248273265,0.04684782608695655,-0.0865217391304348

1248273266,0.03499999999999998,0.0

1248273267,0.05006382978723402,-0.12702127659574466

1248273268,0.04910000000000001,-0.12736

1248273269,0.010225352112676063,0.0

1248273270,0.007243902439024394,0.0

1248273271,0.039577777777777774,-0.061911111111111125

1248273272,0.03504000000000003,-0.03184

1248273273,0.03543749999999997,-0.04145833333333334

1248273274,0.044739130434782615,-0.10382608695652175

1248273275,0.04485416666666669,-0.11608333333333333

1248273276,0.031020408163265328,-0.016244897959183675

1248273277,0.044177777777777795,-0.12382222222222222

1248273278,0.03837777777777778,-0.07591111111111111

1248273279,0.027000000000000007,0.0

1248273280,0.03654347826086954,-0.07171739130434783

1248273281,0.022725490196078436,-0.04729411764705882

1248273282,0.034699999999999995,-0.08736000000000001

1248273283,0.049836734693877546,-0.06846938775510207

1248273284,0.0658571428571429,-0.010081632653061228

1248273285,0.06426530612244902,0.009714285714285719

1248273286,0.06432000000000004,0.0026999999999999997

1248273287,0.0660303030303031,0.008287878787878792

1248273288,0.06714864864864874,0.011905405405405411

1248273289,0.066082191780822,0.0018904109589041097

1248273290,0.08313750000000007,-0.37327499999999975

1248273291,0.08478873239436625,-0.3923943661971829

1248273292,0.05906578947368423,-0.11521052631578946

1248273293,0.05663157894736842,-0.08902631578947368

1248273294,0.06166666666666667,-0.14327999999999996

1248273295,0.04832876712328763,0.0

1248273296,0.05499999999999998,-0.06454054054054055

1248273297,0.054620253164556945,-0.060455696202531654

1248273298,0.054426666666666616,-0.058373333333333347

1248273299,0.04884210526315785,-0.005236842105263158

1248273300,0.052883116883116886,-0.04651948051948053

1248273301,0.061239436619718285,-0.1457464788732394

1248273302,0.04800000000000003,0.0

1248273303,0.061500000000000034,-0.14924999999999997

1248273304,0.054246753246753245,-0.12620779220779224

1248273305,0.05302777777777779,-0.1914027777777778

1248273306,0.04677611940298514,-0.07838805970149254

1248273307,0.04178481012658226,0.0

1248273308,0.039957142857142906,0.0

1248273309,0.037946666666666615,0.0

1248273310,0.037164383561643796,0.0

1248273311,0.03600000000000002,0.0

1248273312,0.03550000000000002,0.0

1248273313,0.03581578947368425,0.0

1248273314,0.03500000000000001,0.0

1248273315,0.08039062500000001,-0.35428124999999977

1248273316,0.0757605633802817,-0.25611267605633803

1248273317,0.04686111111111119,-0.028180555555555556

1248273318,0.03385964912280701,0.0

1248273319,0.032577464788732406,0.0

1248273320,0.031499999999999986,0.0

1248273321,0.030106060606060622,0.0

1248273322,0.029542857142857117,0.0

1248273323,0.028837837837837818,0.0

1248273324,0.04923188405797104,-0.09133333333333334

1248273325,0.06379999999999998,-0.08787142857142859

1248273326,0.06835064935064927,-0.05929870129870129

1248273327,0.06799999999999999,-0.04988571428571427

1248273328,0.06510638297872345,-0.04414893617021275

1248273329,0.0402448979591837,0.18975510204081636

1248273330,0.0,0.3729111111111111

1248273331,0.0,0.22497826086956527

1248273332,0.0,-0.09928571428571437

1248273333,0.0,-0.18627272727272723

1248273334,0.0,-0.15332608695652175

1248273335,0.0,-0.14310000000000003

1248273336,0.0,-0.0735365853658537

1248273337,0.0,-0.2222682926829268

1248273338,0.0,0.01687499999999999

1248273339,0.0,-0.18037209302325583

1248273340,0.0,0.19704255319148928

1248273341,0.0,0.4986190476190478

1248273342,0.07080434782608695,0.4344347826086954

1248273343,0.07184782608695654,0.18673913043478269

1248273344,0.06700000000000005,-0.004020408163265305

1248273345,0.0660563380281691,0.003549295774647889

1248273346,0.06700000000000009,0.002166666666666666

1248273347,0.06720270270270279,0.017378378378378367

1248273348,0.06700000000000009,0.0019589041095890414

1248273349,0.06704109589041102,0.004178082191780822

1248273350,0.06700000000000009,0.006394366197183103

1248273351,0.06700000000000009,0.006081081081081085

1248273352,0.0661351351351352,0.010837837837837844

1248273353,0.06700000000000009,0.0022361111111111115

1248273354,0.06814864864864857,0.05295945945945945

1248273355,0.06718055555555565,0.013305555555555564

1248273356,0.06705479452054802,0.004041095890410961

1248273357,0.06723943661971837,0.008563380281690146

1248273358,0.0671250000000001,-0.0009583333333333326

1248273359,0.08241891891891888,0.3439324324324324

1248273360,0.07701315789473688,0.2924999999999999

1248273361,0.07291428571428572,0.1922714285714286

1248273362,0.06700000000000009,0.0

1248273363,0.06700000000000009,0.0

1248273364,0.07325000000000009,-0.1309210526315789

1248273365,0.08600000000000006,-0.3979999999999998

1248273366,0.08206944444444444,-0.2503472222222223

1248273367,0.07612676056338034,0.2748309859154928

1248273368,0.07123437500000006,0.13876562500000003

1248273369,0.06601470588235302,0.0

1248273370,0.06511267605633811,0.0

1248273371,0.06516438356164392,0.0

1248273372,0.06602898550724645,0.0

1248273373,0.06600000000000007,0.0

1248273374,0.06805633802816903,-0.06166197183098593

1248273375,0.07002777777777779,-0.08291666666666667

1248273376,0.07063380281690146,-0.07809859154929577

1248273377,0.06943750000000003,-0.09023437499999996

1248273378,0.06707575757575765,-0.06192424242424242

1248273379,0.06946835443037983,-0.11505063291139243

1248273380,0.06797222222222228,-0.04393055555555556

1248273381,0.06604285714285722,0.004871428571428573

1248273382,0.06700000000000009,0.0007792207792207795

1248273383,0.06532432432432435,0.010567567567567574

1248273384,0.0662236842105264,0.013052631578947376

1248273385,0.06700000000000009,0.009986111111111117

1248273386,0.06604285714285722,0.010400000000000006

1248273387,0.06700000000000006,0.0060344827586206904

1248273388,0.07459210526315788,-0.19078947368421048

1248273389,0.036675675675675666,-0.14502702702702697

1248273390,0.021415730337078654,-0.08019101123595504

1248273391,0.07488311688311688,-0.25193506493506507

1248273392,0.07080000000000006,-0.1278533333333334

1248273393,0.06611842105263166,0.0

1248273394,0.06508571428571436,0.0

1248273395,0.06280555555555553,0.0

1248273396,0.06062,0.0

1248273397,0.06219999999999997,0.06925999999999999

1248273398,0.053881578947368315,0.17802631578947378

1248273399,0.04123529411764703,0.1638382352941176

1248273400,0.04201388888888887,-0.0063472222222222385

1248273401,0.034260869565217386,-0.002173913043478261

1248273402,0.03280701754385967,0.0

1248273403,0.03276363636363639,0.0

1248273404,0.03288524590163937,0.0

1248273405,0.03346875000000001,0.0

1248273406,0.037825396825396804,0.10009523809523804

1248273407,0.040666666666666594,0.1500144927536232

1248273408,0.040291666666666684,0.15493750000000003

1248273409,0.0314255319148936,-0.03678723404255319

1248273410,0.029590909090909088,0.0

1248273411,0.02965217391304347,0.0

1248273412,0.030750000000000003,0.0

1248273413,0.029957446808510632,0.009446808510638297

1248273414,0.03584000000000001,0.14167999999999992

1248273415,0.03650980392156865,0.14123529411764704

1248273416,0.03872340425531913,0.1267659574468085

1248273417,0.03288000000000001,-0.07513999999999997

1248273418,0.029347826086956543,0.0

1248273419,0.029306122448979576,0.0

1248273420,0.031145833333333355,0.0

1248273421,0.03600000000000002,0.0

1248273422,0.03523404255319151,0.0

1248273423,0.03525000000000002,0.0

1248273424,0.048361702127659584,0.14738297872340428

1248273425,0.042042553191489335,0.13817021276595753

1248273426,0.042999999999999976,0.14656818181818182

1248273427,0.041279999999999976,0.1457399999999999

1248273428,0.03657142857142859,0.04204081632653062

1248273429,0.03600000000000002,0.0

1248273430,0.035040816326530624,0.0

1248273431,0.039978260869565206,0.0

1248273432,0.04343750000000002,0.0

1248273433,0.04606382978723404,0.0

1248273434,0.06480434782608695,0.15965217391304354

1248273435,0.07004545454545458,0.1947272727272728

1248273436,0.06621428571428575,0.1262857142857143

1248273437,0.0693111111111111,0.17226666666666673

1248273438,0.07219607843137259,0.17600000000000005

1248273439,0.07284482758620683,0.19605172413793104

1248273440,0.07580281690140848,0.2866056338028169

1248273441,0.07013432835820899,0.21210447761194035

1248273442,0.06157575757575756,0.006030303030303031

1248273443,0.0572388059701492,0.0

1248273444,0.05487323943661967,0.0

1248273445,0.052788732394366183,0.0

1248273446,0.05118181818181822,0.0

1248273447,0.049024999999999964,0.0

1248273448,0.07035820895522388,0.2435820895522387

1248273449,0.08373684210526322,0.3972631578947373

1248273450,0.0800897435897436,0.34348717948717944

1248273451,0.0680909090909092,0.04325757575757576

1248273452,0.06708000000000008,0.00886666666666667

1248273453,0.06610666666666676,-0.0018933333333333343

1248273454,0.06528205128205136,0.0037692307692307704

1248273455,0.06604285714285722,-0.001857142857142857

1248273456,0.06700000000000009,0.006166666666666669

1248273457,0.06968656716417913,-0.28885074626865676

1248273458,0.060777777777777785,-0.2170416666666667

1248273459,0.05704054054054055,-0.08024324324324332

1248273460,0.055041095890410965,0.20921917808219176

1248273461,0.05456338028169019,0.24073239436619723

1248273462,0.05717647058823522,0.25541176470588256

1248273463,0.05556250000000003,0.23781249999999998

1248273464,0.051240000000000056,0.21787999999999985

1248273465,0.044163265306122454,0.20455102040816325

1248273466,0.03563829787234041,0.158531914893617

1248273467,0.03928571428571428,0.09301785714285712

1248273468,0.044117647058823505,0.0

1248273469,0.04499999999999998,0.0

1248273470,0.0443404255319149,0.0

1248273471,0.05456,0.10608000000000002

1248273472,0.08417021276595739,0.3993191489361702

1248273473,0.0826274509803921,0.39200000000000007

1248273474,0.08226086956521735,0.3902608695652173

1248273475,0.08599999999999998,0.4080000000000002

1248273476,0.08367567567567574,0.3969729729729734

1248273477,0.08600000000000008,0.4080000000000005

1248273478,0.07975000000000003,0.3010394736842104

1248273479,0.06610666666666676,0.0

1248273480,0.06611842105263166,0.0

1248273481,0.06700000000000009,0.0

1248273482,0.08051282051282058,0.30861538461538485

1248273483,0.07947297297297293,0.3335405405405405

1248273484,0.0746486486486486,0.24137837837837836

1248273485,0.0681733333333334,0.041826666666666665

1248273486,0.06320000000000008,0.0

1248273487,0.05880281690140846,0.0

1248273488,0.05643478260869566,0.0

1248273489,0.0454027777777778,0.0

1248273490,0.03553846153846156,0.0

1248273491,0.03600000000000002,0.0

1248273492,0.03470666666666668,0.0

1248273493,0.035,0.0

1248273494,0.03500000000000002,0.0

1248273495,0.04472857142857141,-0.0796

1248273496,0.03399999999999998,0.0

1248273497,0.03494594594594593,-0.010756756756756757

1248273498,0.038028985507246336,-0.03460869565217392

1248273499,0.032930555555555525,0.0

1248273500,0.047263888888888855,-0.11055555555555553

1248273501,0.032559999999999964,0.0

1248273502,0.03508571428571425,-0.022742857142857145

1248273503,0.038639999999999945,-0.04245333333333334

1248273504,0.03156164383561646,0.0

1248273505,0.03980555555555557,-0.06080555555555557

1248273506,0.03200000000000002,0.0

1248273507,0.050985714285714336,-0.1421428571428571

1248273508,0.030569444444444427,0.0

1248273509,0.025423529411764716,-0.08896470588235292

1248273510,0.009816091954022995,-0.009149425287356322

1248273511,0.03056338028169012,0.0

1248273512,0.03169841269841272,-0.012634920634920636

1248273513,0.0482318840579709,-0.13266666666666663

1248273514,0.029117647058823554,0.0

1248273515,0.03570588235294119,-0.046823529411764715

1248273516,0.029253333333333298,-0.005306666666666667

1248273517,0.03313043478260867,-0.02884057971014493

1248273518,0.048520547945205425,-0.13630136986301367

1248273519,0.02856000000000001,0.0

1248273520,0.04194805194805197,-0.09820779220779219

1248273521,0.02800000000000002,0.0

1248273522,0.03340000000000001,-0.03980000000000001

1248273523,0.0341818181818182,-0.04824242424242425

1248273524,0.02800000000000002,0.0

1248273525,0.041368421052631596,-0.09426315789473683

1248273526,0.027616438356164404,0.0

1248273527,0.026577464788732363,0.0

1248273528,0.04441095890410967,-0.11994520547945203

1248273529,0.026624999999999968,0.0

1248273530,0.043723684210526324,-0.11521052631578946

1248273531,0.025623188405797078,0.0

1248273532,0.009870129870129876,0.0

1248273533,0.009863013698630142,-0.07927397260273972

1248273534,0.00986486486486487,-0.13733783783783785

1248273535,0.009863013698630142,-0.1464931506849315

1248273536,0.009133333333333335,-0.13596666666666662

1248273537,0.008876712328767128,-0.13489041095890408

1248273538,0.008756756756756762,-0.12359459459459458

1248273539,0.008731343283582094,-0.1150149253731343

1248273540,0.008804347826086962,-0.10863043478260866

1248273541,0.03581249999999998,-0.11889583333333338

1248273542,0.06640816326530612,0.054040816326530614

1248273543,0.07687499999999996,0.31007142857142866

1248273544,0.07294117647058826,0.19494117647058826

1248273545,0.036413043478260854,-0.1730217391304348

1248273546,0.0,-0.30377551020408167

1248273547,0.0,-0.2222888888888889

1248273548,0.0,-0.17971428571428566

1248273549,0.0,-0.21954347826086962

1248273550,0.0,-0.1950208333333333

1248273551,0.053511111111111107,0.16622222222222227

1248273552,0.06733333333333334,0.3163958333333333

1248273553,0.044819999999999985,0.19318000000000002

1248273554,0.042551020408163276,0.16036734693877547

1248273555,0.03599999999999998,0.0069069767441860466

1248273556,0.03311111111111113,0.0

1248273557,0.03320000000000002,0.0

1248273558,0.03231249999999999,0.0

1248273559,0.031375000000000014,0.0

1248273560,0.030693877551020432,0.0

1248273561,0.0305777777777778,0.0

1248273562,0.04040000000000002,-0.061911111111111125

1248273563,0.0445714285714286,-0.09746938775510205

1248273564,0.04324000000000003,-0.08756000000000003

1248273565,0.035914893617021305,-0.033872340425531916

1248273566,0.03560784313725492,-0.031215686274509807

1248273567,0.04469565217391305,-0.10382608695652175

1248273568,0.049391304347826105,-0.13843478260869563

1248273569,0.04055813953488375,-0.07404651162790699

1248273570,0.04368000000000001,-0.09552000000000001

1248273571,0.029959183673469374,0.0

1248273572,0.04574999999999998,-0.11608333333333333

1248273573,0.05177777777777779,-0.15035555555555555

1248273574,0.04076744186046512,-0.07404651162790699

1248273575,0.042799999999999915,-0.09097142857142856

1248273576,0.044630769230769154,-0.10409230769230768

1248273577,0.038357142857142826,-0.06822857142857144

1248273578,0.048113924050632875,-0.13602531645569615

1248273579,0.0422105263157895,-0.09775438596491229

1248273580,0.038594594594594606,-0.0752972972972973

1248273581,0.031052631578947377,-0.02094736842105263

1248273582,0.03794520547945207,-0.07087671232876713

1248273583,0.04134177215189877,-0.09534177215189876

1248273584,0.04432876712328765,-0.11757534246575342

1248273585,0.040000000000000015,-0.08313888888888891

1248273586,0.021986111111111123,-0.05179166666666666

1248273587,0.027366197183098597,-0.07153521126760565

1248273588,0.04902857142857142,-0.06368571428571432

1248273589,0.06551428571428582,-0.026028571428571425

1248273590,0.06493846153846161,-0.004784615384615387

1248273591,0.06700000000000007,-0.00011764705882352982

1248273592,0.06700000000000009,-2.898550724637694e-05

1248273593,0.06609459459459469,0.0018783783783783785

1248273594,0.06610666666666676,0.00196

1248273595,0.06601470588235302,0.0011176470588235283

1248273596,0.06606944444444453,0.0009444444444444442

1248273597,0.06700000000000007,0.0025454545454545456

1248273598,0.06700000000000007,-0.005941176470588239

1248273599,0.08345070422535217,-0.3645915492957744

1248273600,0.08600000000000008,-0.3979999999999998

1248273601,0.0798955223880597,-0.29107462686567154

1248273602,0.06700000000000007,0.0

1248273603,0.06992957746478878,-0.10090140845070421

1248273604,0.07166666666666666,-0.13843478260869563

1248273605,0.06811764705882362,-0.023411764705882354

1248273606,0.06794285714285722,-0.03980000000000001

1248273607,0.06994594594594605,-0.08067567567567567

1248273608,0.06972602739726037,-0.07632876712328768

1248273609,0.070605633802817,-0.09529577464788731

1248273610,0.07148611111111121,-0.09397222222222221

1248273611,0.06973913043478272,-0.09805797101449273

1248273612,0.06780000000000008,-0.05685714285714287

1248273613,0.06906410256410267,-0.06123076923076924

1248273614,0.06975362318840589,-0.05768115942028987

1248273615,0.06873239436619727,-0.05605633802816903

1248273616,0.07428767123287677,-0.1526575342465753

1248273617,0.07020270270270274,-0.08605405405405404

1248273618,0.07425714285714287,-0.15351428571428566

1248273619,0.0734929577464789,-0.1513521126760563

1248273620,0.06309333333333336,-0.010613333333333334

1248273621,0.06867142857142855,-0.12508571428571427

1248273622,0.06891549295774645,-0.1289295774647887

1248273623,0.06568656716417903,-0.08910447761194029

1248273624,0.06188571428571432,-0.05685714285714287

1248273625,0.05663768115942021,0.0

1248273626,0.06677611940298507,-0.1306865671641791

1248273627,0.059827586206896585,-0.05489655172413794

1248273628,0.055409836065573745,-0.01957377049180328

1248273629,0.03467605633802817,-0.112112676056338

1248273630,0.014341176470588236,0.0

1248273631,0.0586875,-0.0870625

1248273632,0.04882608695652169,0.0

1248273633,0.056953846153846174,-0.09796923076923077

1248273634,0.05535937499999993,-0.09328125

1248273635,0.04533846153846151,-0.006123076923076924

1248273636,0.04764705882352944,-0.046823529411764715

1248273637,0.05407936507936504,-0.10739682539682538

1248273638,0.04094029850746266,0.0

1248273639,0.04661111111111115,-0.06633333333333334

1248273640,0.03799999999999995,0.0

1248273641,0.050462686567164156,-0.1188059701492537

1248273642,0.03600000000000002,0.0

1248273643,0.04692857142857151,-0.09097142857142856

1248273644,0.035550724637681164,-0.017130434782608693

1248273645,0.043895522388059646,-0.09402985074626867

1248273646,0.03604545454545457,-0.03703030303030304

1248273647,0.041099999999999894,-0.07378571428571427

1248273648,0.04266666666666668,-0.08204761904761905

1248273649,0.0438888888888889,-0.07155555555555555

1248273650,0.03565671641791047,-0.027955223880597017

1248273651,0.06605882352941178,-0.0024999999999999953

1248273652,0.06702857142857142,0.04315714285714286

1248273653,0.06846875000000001,-0.029546874999999993

1248273654,0.08277419354838711,-0.3530645161290321

1248273655,0.06807142857142866,-0.06254285714285716

1248273656,0.0720468750000001,-0.10571874999999999

1248273657,0.06997142857142867,-0.10234285714285712

1248273658,0.06963076923076926,-0.055107692307692316

1248273659,0.06998571428571432,-0.06254285714285716

1248273660,0.06505797101449283,0.0

1248273661,0.06965625000000007,-0.09949999999999999

1248273662,0.06904615384615388,-0.04286153846153847

1248273663,0.0708225806451613,-0.10270967741935483

1248273664,0.07098387096774197,-0.08345161290322581

1248273665,0.06803125000000007,-0.04353125000000001

1248273666,0.06730000000000007,-0.05306666666666668

1248273667,0.06863768115942037,-0.07498550724637681

1248273668,0.07221666666666665,-0.13266666666666663

1248273669,0.06957142857142866,-0.07391428571428572

1248273670,0.07007352941176478,-0.06438235294117649

1248273671,0.06959090909090918,-0.054272727272727285

1248273672,0.06987878787878796,-0.06030303030303032

1248273673,0.06813636363636373,-0.06633333333333336

1248273674,0.06902857142857152,-0.06254285714285716

1248273675,0.07284615384615385,-0.12246153846153843

1248273676,0.07019718309859153,-0.1065070422535211

1248273677,0.06966197183098592,-0.09529577464788731

1248273678,0.07205970149253739,-0.12023880597014924

1248273679,0.06926470588235298,-0.06319117647058825

1248273680,0.06786363636363643,-0.05957575757575758

1248273681,0.06775757575757578,-0.06181818181818182

1248273682,0.06680882352941181,-0.07345588235294113

1248273683,0.06604285714285722,0.0038142857142857162

1248273684,0.06700000000000007,0.007353846153846157

1248273685,0.06602898550724645,0.003797101449275364

1248273686,0.06700000000000007,0.007970149253731348

1248273687,0.0670151515151516,0.00763636363636364

1248273688,0.06700000000000007,-0.005462686567164181

1248273689,0.06595312500000007,0.002015624999999999

1248273690,0.06700000000000007,-0.0025555555555555557

1248273691,0.06700000000000007,0.00133846153846154

1248273692,0.06700000000000007,0.006451612903225811

1248273693,0.06493846153846161,0.0012615384615384615

1248273694,0.06595312500000007,0.0033906250000000013

1248273695,0.06490625000000007,0.0044375000000000005

1248273696,0.06591935483870974,0.006016129032258067

1248273697,0.06598484848484856,0.0020000000000000005

1248273698,0.06600000000000007,0.005313432835820898

1248273699,0.06700000000000007,0.004469696969696971

1248273700,0.06857575757575765,-0.05343939393939395

1248273701,0.07979032258064518,-0.3461774193548387

1248273702,0.07405714285714289,-0.25312857142857154

1248273703,0.06848529411764714,-0.08336764705882353

1248273704,0.06598484848484856,0.0

1248273705,0.06490625000000007,0.0

1248273706,0.06600000000000007,0.0

1248273707,0.06595312500000007,0.0

1248273708,0.06595312500000007,0.0

1248273709,0.06700000000000007,0.0

1248273710,0.06700000000000007,0.0

1248273711,0.082241935483871,0.3694032258064516

1248273712,0.07375384615384618,0.2750307692307694

1248273713,0.0636865671641791,0.14341791044776125

1248273714,0.05565789473684211,0.0

1248273715,0.053507936507936484,0.0

1248273716,0.051238095238095235,0.0

1248273717,0.055852941176470654,-0.18142647058823533

1248273718,0.046374999999999986,-0.007921875

1248273719,0.04262686567164183,0.0

1248273720,0.042194029850746245,0.0

1248273721,0.038970149253731386,0.0

1248273722,0.05006349206349211,0.0

1248273723,0.06500000000000007,0.0

1248273724,0.06493846153846161,0.0

1248273725,0.06601470588235302,0.0

1248273726,0.06700000000000009,0.0

1248273727,0.08050000000000002,0.31237500000000007

1248273728,0.08028358208955226,0.34594029850746266

1248273729,0.06591935483870974,0.0

1248273730,0.06500000000000007,0.0

1248273731,0.06700000000000007,0.0

1248273732,0.06500000000000007,0.0

1248273733,0.06700000000000007,0.0

1248273734,0.06648387096774198,0.02158064516129032

1248273735,0.06704615384615388,0.08626153846153843

1248273736,0.06596923076923084,-0.0007538461538461536

1248273737,0.06591935483870974,0.006177419354838713

1248273738,0.06493846153846161,-0.002338461538461539

1248273739,0.06700000000000009,-0.009405797101449278

1248273740,0.0646491228070176,-0.0005789473684210527

1248273741,0.06234883720930235,-0.007767441860465118

1248273742,0.06408695652173915,-0.0031521739130434792

1248273743,0.06443137254901965,0.003098039215686275

1248273744,0.06586440677966109,0.007271186440677969

1248273745,0.06601470588235302,0.0007058823529411763

1248273746,0.06596923076923084,0.004815384615384617

1248273747,0.06496969696969704,-0.005060606060606063

1248273748,0.06493846153846161,0.001184615384615385

1248273749,0.06699999999999999,-0.002088235294117647

1248273750,0.0464857142857143,0.022657142857142862

1248273751,0.06700000000000007,0.008466666666666673

1248273752,0.06734285714285722,0.008142857142857144

1248273753,0.07250746268656717,0.21

1248273754,0.06596923076923084,0.0

1248273755,0.06493846153846161,0.0

1248273756,0.0648805970149254,0.0

1248273757,0.06179032258064517,0.0

1248273758,0.0603857142857143,0.0

1248273759,0.05710769230769232,0.0

1248273760,0.05323809523809521,0.0

1248273761,0.05217741935483876,0.0

1248273762,0.049212121212121186,0.0

1248273763,0.052543859649122865,0.0
